fund_house,schemes,asset_classes
ICICI Prudential Mutual Fund,2506,8
Nippon India Mutual Fund,1869,7
UTI Mutual Fund,1373,7
Kotak Mahindra Mutual Fund,934,6
HDFC Mutual Fund,574,7
SBI Mutual Fund,489,7
Bandhan Mutual Fund,435,7
Axis Mutual Fund,415,7
Aditya Birla Sun Life Mutual Fund,410,7
Tata Mutual Fund,407,7
DSP Mutual Fund,365,6
Franklin Templeton Mutual Fund,321,6
Edelweiss Mutual Fund,312,6
HSBC Mutual Fund,282,5
Sundaram Mutual Fund,277,5
Mirae Asset Mutual Fund,276,5
Baroda BNP Paribas Mutual Fund,255,7
Invesco Mutual Fund,241,5
LIC Mutual Fund,220,7
Motilal Oswal Mutual Fund,218,6
Groww Mutual Fund,217,5
PGIM India Mutual Fund,199,6
JM Financial Mutual Fund,178,3
Union Mutual Fund,151,6
Bank of India Mutual Fund,144,3
quant Mutual Fund,133,5
Canara Robeco Mutual Fund,130,3
Mahindra Manulife Mutual Fund,122,4
ITI Mutual Fund,114,3
Bajaj Finserv Mutual Fund,108,5
Navi Mutual Fund,76,5
WhiteOak Capital Mutual Fund,70,3
The Wealth Company Mutual Fund,49,5
Trust Mutual Fund,48,3
360 ONE Mutual Fund,45,4
Quantum Mutual Fund,44,5
Taurus Mutual Fund,39,3
Shriram Mutual Fund,39,4
Helios Mutual Fund,33,3
Jio BlackRock Mutual Fund,30,3
Samco Mutual Fund,29,3
PPFAS Mutual Fund,28,3
NJ Mutual Fund,25,3
Zerodha Mutual Fund,23,6
Abakkus Mutual Fund,19,2
Angel One Mutual Fund,16,3
AlphaGrep Mutual Fund,12,3
Old Bridge Mutual Fund,12,2
IL&FS Mutual Fund (IDF),12,1
Capitalmind Mutual Fund,12,3
Choice Mutual Fund,10,3
ASK MUTUAL FUND,8,1
Unifi Mutual Fund,6,3
Monarch Mutual Fund,4,1
Lakshya Mutual Fund,2,1
