ticker,bank,cohort,fy_end,net_interest_income,interest_income,interest_expense,net_income,total_revenue,total_assets,avg_total_assets,nim_proxy_pct,cost_of_funds_pct,yield_on_assets_pct
AXISBANK.NS,Axis Bank,Private,2023-03-31,440592200000.0,874483700000.0,433891500000.0,108184500000.0,624158400000.0,13444179600000.0,13444179600000.0,3.277196624180772,3.227355725000877,6.504552349181649
AXISBANK.NS,Axis Bank,Private,2024-03-31,513683100000.0,1127590500000.0,613907400000.0,263862000000.0,766030400000.0,15182385300000.0,14313282450000.0,3.5888560279197175,4.28907486556307,7.877930893482787
AXISBANK.NS,Axis Bank,Private,2025-03-31,563377800000.0,1273740900000.0,710363100000.0,280551100000.0,846683300000.0,16569626100000.0,15876005700000.0,3.5486117266889114,4.474444727618106,8.023056454307017
AXISBANK.NS,Axis Bank,Private,2026-03-31,584632500000.0,1325382400000.0,740749900000.0,263848500000.0,880673100000.0,19460502900000.0,18015064500000.0,3.245242335935017,4.111835958178224,7.357078294113241
BANKBARODA.NS,Bank of Baroda,Public,2023-03-31,445604485000.0,945026174000.0,499421689000.0,149052030000.0,557910573000.0,15258789729000.0,15258789729000.0,2.920313425337457,3.273009838066168,6.1933232634036255
BANKBARODA.NS,Bank of Baroda,Public,2024-03-31,484801492000.0,1183792248000.0,698990756000.0,187673789000.0,679012730000.0,16547793845000.0,15903291787000.0,3.0484348680334,4.395258323634504,7.443693191667904
BANKBARODA.NS,Bank of Baroda,Public,2025-03-31,496798480000.0,1279447723000.0,782649243000.0,207163280000.0,745466393000.0,18617740775000.0,17582767310000.0,2.8254851539635144,4.4512290312508265,7.276714185214341
BANKBARODA.NS,Bank of Baroda,Public,2026-03-31,524381913000.0,1342981244000.0,818599331000.0,198464251000.0,748702056000.0,21015018565000.0,19816379670000.0,2.6462044113630974,4.1309227246956555,6.777127136058753
CANBK.NS,Canara Bank,Public,2023-03-31,328946621000.0,858847261000.0,529900640000.0,112547457000.0,553766487000.0,13810295621000.0,13810295621000.0,2.3818941319387994,3.8369970820481973,6.218891213986997
CANBK.NS,Canara Bank,Public,2024-03-31,384011653000.0,1105187516000.0,721175863000.0,152785644000.0,661201114000.0,15350176368000.0,14580235994500.0,2.6337821496501017,4.946256447920624,7.580038597570726
CANBK.NS,Canara Bank,Public,2025-03-31,389204383000.0,1216011136000.0,826806753000.0,175396241000.0,711938129000.0,17325273850000.0,16337725109000.0,2.382243429873833,5.060721413071977,7.44296484294581
CANBK.NS,Canara Bank,Public,2026-03-31,372336835000.0,1263711993000.0,891375158000.0,197059095000.0,641752896000.0,18873251179000.0,18099262514500.0,2.0571934060943473,4.924925296187543,6.98211870228189
HDFCBANK.NS,HDFC Bank,Private,2023-03-31,913988500000.0,1689526700000.0,775538200000.0,495446900000.0,1205375000000.0,25755624000000.0,25755624000000.0,3.5486948403968004,3.011141178330605,6.559836018727405
HDFCBANK.NS,HDFC Bank,Private,2024-03-31,1248003400000.0,2781926200000.0,1533922800000.0,622656600000.0,1604968500000.0,44118573000000.0,34937098500000.0,3.572143805817189,4.390527164126122,7.962670969943311
HDFCBANK.NS,HDFC Bank,Private,2025-03-31,1404485600000.0,3227962600000.0,1823477000000.0,673508300000.0,1838641100000.0,48187671100000.0,46153122050000.0,3.0430998762737005,3.9509288191263328,6.994028695400033
HDFCBANK.NS,HDFC Bank,Private,2026-03-31,1499769500000.0,3360265000000.0,1860495500000.0,704793400000.0,1925667800000.0,52621193200000.0,50404432150000.0,2.9754714734942214,3.6911347289129215,6.666606202407143
ICICIBANK.NS,ICICI Bank,Private,2022-03-31,,,,,,,,,,
ICICIBANK.NS,ICICI Bank,Private,2023-03-31,705234219000.0,1210668098000.0,505433879000.0,340366408000.0,1355811552000.0,19584904970000.0,19584904970000.0,3.6009070254886204,2.580731843091501,6.181638868580122
ICICIBANK.NS,ICICI Bank,Private,2024-03-31,854077625000.0,1595159252000.0,741081627000.0,442563735000.0,1612101952000.0,23640630275000.0,21612767622500.0,3.9517272378890587,3.428906653438017,7.380633891327076
ICICIBANK.NS,ICICI Bank,Private,2025-03-31,973038112000.0,1863314641000.0,890276529000.0,510291955000.0,2047152637000.0,26422414134000.0,25031522204500.0,3.8872510590869047,3.5566216138463687,7.443872672933273
ICICIBANK.NS,ICICI Bank,Private,2026-03-31,1061898779000.0,1952184591000.0,890285812000.0,542077028000.0,2234071181000.0,29144979720000.0,27783696927000.0,3.822021172308622,3.204346111099515,7.026367283408137
INDUSINDBK.NS,IndusInd Bank,Private,2023-03-31,175921238000.0,363679205000.0,187757967000.0,74434978000.0,254676829000.0,4578366330000.0,4578366330000.0,3.842445652443019,4.1009817359896585,7.943427388432677
INDUSINDBK.NS,IndusInd Bank,Private,2024-03-31,206159194000.0,457482137000.0,251322943000.0,89773000000.0,294653778000.0,5150939711000.0,4864653020500.0,4.237901308299487,5.166307688151795,9.404208996451281
INDUSINDBK.NS,IndusInd Bank,Private,2025-03-31,190313140000.0,486676643000.0,296363503000.0,25755400000.0,264968474000.0,5541071158000.0,5346005434500.0,3.5599129542935,5.543643878239308,9.103556832532808
INDUSINDBK.NS,IndusInd Bank,Private,2026-03-31,179823250000.0,462508106000.0,282684856000.0,8893400000.0,251281980000.0,5433939182000.0,5487505170000.0,3.2769581882690053,5.1514276022085275,8.428385790477533
KOTAKBANK.NS,Kotak Mahindra Bank,Private,2022-03-31,,,,,,,,,,
KOTAKBANK.NS,Kotak Mahindra Bank,Private,2023-03-31,277399290000.0,421510612000.0,144111322000.0,149250096000.0,518572514000.0,6204297348000.0,6204297348000.0,4.471083096773588,2.3227662040803914,6.79384930085398
KOTAKBANK.NS,Kotak Mahindra Bank,Private,2024-03-31,336693952000.0,562366323000.0,225672371000.0,182132075000.0,696695998000.0,7676669590000.0,6940483469000.0,4.851159915643623,3.251536755443283,8.102696671086905
KOTAKBANK.NS,Kotak Mahindra Bank,Private,2025-03-31,373979125000.0,656688252000.0,282709127000.0,221259890000.0,759844581000.0,8797743370000.0,8237206480000.0,4.540120803187636,3.4320995556736364,7.972220358861272
KOTAKBANK.NS,Kotak Mahindra Bank,Private,2026-03-31,401612333000.0,697812121000.0,296199788000.0,192878925000.0,757885305000.0,10033527910000.0,9415635640000.0,4.265376745185947,3.145828909751652,7.411205654937599
PAYTM.NS,One97 (Paytm),Fintech,2022-03-31,,2613000000.0,,,,,,,,
PAYTM.NS,One97 (Paytm),Fintech,2023-03-31,2978000000.0,3214000000.0,233000000.0,-17759000000.0,79044000000.0,179658000000.0,179658000000.0,,,
PAYTM.NS,One97 (Paytm),Fintech,2024-03-31,4354000000.0,4614000000.0,243000000.0,-14170000000.0,98699000000.0,186928000000.0,183293000000.0,,,
PAYTM.NS,One97 (Paytm),Fintech,2025-03-31,-160000000.0,5532000000.0,160000000.0,-6590000000.0,69000000000.0,214477000000.0,200702500000.0,,,
PAYTM.NS,One97 (Paytm),Fintech,2026-03-31,-180000000.0,,180000000.0,5530000000.0,84370000000.0,239150000000.0,226813500000.0,,,
PNB.NS,Punjab National Bank,Public,2023-03-31,350283000000.0,868452900000.0,518169900000.0,33484500000.0,470921000000.0,14936489400000.0,14936489400000.0,2.345149456605245,3.469154539084666,5.814303995689911
PNB.NS,Punjab National Bank,Public,2024-03-31,405304200000.0,1090645800000.0,685341600000.0,91072000000.0,552605200000.0,15986359600000.0,15461424500000.0,2.6213897690992187,4.432590282997533,7.053980052096752
PNB.NS,Punjab National Bank,Public,2025-03-31,433060100000.0,1240098500000.0,807038400000.0,184802900000.0,597605500000.0,18575436300000.0,17280897950000.0,2.5060046141873085,4.670118429812265,7.176123043999574
PNB.NS,Punjab National Bank,Public,2026-03-31,427026900000.0,1307720900000.0,880694000000.0,183926900000.0,626199700000.0,20333309500000.0,19454372900000.0,2.195017553097278,4.526971928249612,6.72198948134689
SBIN.NS,State Bank of India,Public,2023-03-31,1608637634000.0,3508445801000.0,1899808167000.0,556481728000.0,2703369068000.0,59544183170000.0,59544183170000.0,2.701586533494469,3.190585655656749,5.892172189151218
SBIN.NS,State Bank of India,Public,2024-03-31,1794524642000.0,4391885123000.0,2597360481000.0,670846661000.0,3236135037000.0,67337787997000.0,63440985583500.0,2.828651896711276,4.094136396385892,6.922788293097168
SBIN.NS,State Bank of India,Public,2025-03-31,1893693636000.0,4903126989000.0,3009433353000.0,775613371000.0,3495234156000.0,73141853408000.0,70239820702500.0,2.6960399628876033,4.284511724120741,6.980551687008345
SBIN.NS,State Bank of India,Public,2026-03-31,1999277820000.0,5149325904000.0,3150048084000.0,832987824000.0,3817091770000.0,83215685742000.0,78178769575000.0,2.557315535750423,4.0292883875308805,6.586603923281303
UNIONBANK.NS,Union Bank of India,Public,2023-03-31,331303376000.0,811631823000.0,480328447000.0,85116600000.0,471316461000.0,12883571094000.0,12883571094000.0,2.571518203941849,3.7282244456561697,6.299742649598018
UNIONBANK.NS,Union Bank of India,Public,2024-03-31,370118691000.0,1003755708000.0,633637017000.0,137971187000.0,551776884000.0,14019959109000.0,13451765101500.0,2.7514507442501226,4.710437717421511,7.461888461671633
UNIONBANK.NS,Union Bank of India,Public,2025-03-31,376839533000.0,1066002317000.0,689162784000.0,180269508000.0,593396844000.0,15113294233000.0,14566626671000.0,2.5870061855174185,4.731107617194729,7.318113802712148
UNIONBANK.NS,Union Bank of India,Public,2026-03-31,373215670000.0,1067988991000.0,694773321000.0,194302105000.0,587878802000.0,15875026931000.0,15494160582000.0,2.4087504968392746,4.4840978465599335,6.892848343399208
