month,banks_live,volume_mn,value_cr,provenance,avg_ticket_inr,value_lakh_cr,volume_yoy,value_yoy
2016-07,21.0,0.09,0.38,npci_ckan_mirror,42.22222222222222,3.8e-06,,
2016-08,21.0,0.09,3.09,npci_ckan_mirror,343.3333333333333,3.09e-05,,
2016-09,25.0,0.09,32.64,npci_ckan_mirror,3626.6666666666665,0.0003264,,
2016-10,26.0,0.1,48.57,npci_ckan_mirror,4857.0,0.0004857,,
2016-11,30.0,0.29,100.46,npci_ckan_mirror,3464.1379310344823,0.0010046,,
2016-12,35.0,1.99,707.93,npci_ckan_mirror,3557.437185929648,0.0070792999999999,,
2017-01,36.0,4.46,1696.22,npci_ckan_mirror,3803.183856502242,0.0169622,,
2017-02,44.0,4.38,1937.71,npci_ckan_mirror,4423.995433789954,0.0193771,,
2017-03,44.0,6.37,2425.14,npci_ckan_mirror,3807.12715855573,0.0242514,,
2017-04,48.0,7.2,2271.24,npci_ckan_mirror,3154.4999999999995,0.0227123999999999,,
2017-05,49.0,9.36,2797.07,npci_ckan_mirror,2988.3226495726494,0.0279707,,
2017-06,52.0,10.35,3098.36,npci_ckan_mirror,2993.584541062802,0.0309836,,
2017-07,53.0,11.63,3411.35,npci_ckan_mirror,2933.2330180567496,0.0341135,128.22222222222223,8976.236842105263
2017-08,55.0,16.8,4156.62,npci_ckan_mirror,2474.178571428572,0.0415662,185.66666666666669,1344.1844660194174
2017-09,57.0,30.98,5325.81,npci_ckan_mirror,1719.11233053583,0.0532581,343.22222222222223,162.16819852941177
2017-10,60.0,76.96,7057.78,npci_ckan_mirror,917.0712058212058,0.0705778,768.5999999999999,144.31150916203418
2017-11,61.0,105.02,9669.33,npci_ckan_mirror,920.713197486193,0.0966933,361.1379310344828,95.25054748158472
2017-12,67.0,145.64,13174.24,npci_ckan_mirror,904.5756660258172,0.1317424,72.1859296482412,17.60952354046304
2018-01,71.0,151.83,15571.2,npci_ckan_mirror,1025.568069551472,0.155712,33.04260089686099,8.179941281201732
2018-02,86.0,171.4,19126.2,npci_ckan_mirror,1115.8809801633606,0.191262,38.13242009132421,8.870517260064716
2018-03,91.0,178.05,24172.6,npci_ckan_mirror,1357.6298792474024,0.241726,26.95133437990581,8.967507030521949
2018-04,97.0,190.08,27021.85,npci_ckan_mirror,1421.6040614478115,0.2702185,25.400000000000002,10.897399658336417
2018-05,101.0,189.48,33288.51,npci_ckan_mirror,1756.8350221659275,0.3328851,19.243589743589745,10.90120733481822
2018-06,110.0,246.37,40834.03,npci_ckan_mirror,1657.4270406299468,0.4083403,22.80386473429952,12.179239985024335
2018-08,114.0,273.75,51843.14,npci_ckan_mirror,1893.8133333333333,0.5184314,22.538263112639722,14.197250355431134
2018-09,122.0,405.87,59835.36,npci_ckan_mirror,1474.249390198832,0.5983536,23.15892857142857,13.395196096828673
2018-10,128.0,482.36,74978.27,npci_ckan_mirror,1554.4048013931504,0.7497827,14.570045190445448,13.078284805503763
2018-11,128.0,524.94,82232.21,npci_ckan_mirror,1566.506838876824,0.8223221000000001,5.820945945945947,10.651285531711107
2018-12,129.0,620.17,102594.82,npci_ckan_mirror,1654.3015624748057,1.0259482,4.905256141687297,9.610333911449915
2019-01,134.0,672.75,109932.43,npci_ckan_mirror,1634.0755109624672,1.0993243,3.6192666849766555,7.344498809798516
2019-02,139.0,674.19,106737.12,npci_ckan_mirror,1583.1904952609798,1.0673712,3.4404267931238888,5.854778051787916
2019-03,142.0,799.54,133460.72,npci_ckan_mirror,1669.218800810466,1.3346072,3.664760793465577,5.9779004716043955
2019-04,144.0,781.79,142034.39,npci_ckan_mirror,1816.7844306015688,1.4203439000000002,3.390845268183094,4.875842482811118
2019-05,143.0,733.54,152449.29,npci_ckan_mirror,2078.268260762876,1.5244929,2.8591119528619524,4.641704398477529
2019-06,142.0,754.54,146566.35,npci_ckan_mirror,1942.4596442865848,1.4656635,2.9821617057209204,3.4029110945488394
2019-07,143.0,822.29,146386.64,npci_ckan_mirror,1780.2313052572697,1.4638664,2.3376222754393794,2.584917775688562
2019-08,141.0,918.35,154504.89,npci_ckan_mirror,1682.4183590134485,1.5450489,2.354703196347032,1.9802378868255284
2019-09,141.0,955.02,161456.56,npci_ckan_mirror,1690.609201901531,1.6145656,1.3530194397220785,1.6983469306443548
2019-10,141.0,1148.36,191359.94,npci_ckan_mirror,1666.3758751610992,1.9135994,1.3807115017829004,1.5522053256230106
2019-11,143.0,1218.77,189229.09,npci_ckan_mirror,1552.6234646405803,1.8922909,1.3217320074675198,1.301155350196717
2019-12,143.0,1308.4,202520.76,npci_ckan_mirror,1547.8505044328951,2.0252076,1.1097441024235293,0.9739862109997366
2020-01,144.0,1305.02,216242.97,npci_ckan_mirror,1657.0088581017917,2.1624297,0.9398290598290597,0.967053489129641
2020-02,146.0,1325.69,222516.95,npci_ckan_mirror,1678.4991212123498,2.2251695,0.9663447989439178,1.0847194490539
2020-03,148.0,1246.84,206462.31,npci_ckan_mirror,1655.8845561579674,2.0646231,0.5594466818420591,0.5469893313927874
2020-04,153.0,999.57,151140.66,npci_ckan_mirror,1512.0567844172997,1.5114066,0.2785658552808301,0.06411313485417147
2020-05,155.0,1234.5,218391.6,npci_ckan_mirror,1769.0692588092345,2.183916,0.6829348092810208,0.43255242448160947
2020-06,155.0,1336.93,261835.0,npci_ckan_mirror,1958.4795015445836,2.61835,0.7718477482969759,0.7864605347680418
2020-07,164.0,1497.36,290537.86,npci_ckan_mirror,1940.3340546027675,2.9053786,0.8209634070704983,0.9847293441532641
2020-08,168.0,1618.83,298307.61,npci_ckan_mirror,1842.735864791238,2.9830761,0.7627592965644905,0.9307324836126543
2020-09,174.0,1800.14,329027.66,npci_ckan_mirror,1827.789283055762,3.2902766,0.8849238759397711,1.0378711153018494
2020-10,189.0,2071.62,386106.74,npci_ckan_mirror,1863.791332387214,3.8610674,0.8039813298965481,1.0176988976898715
2020-11,200.0,2210.23,390999.15,npci_ckan_mirror,1769.0428145487122,3.9099915,0.8134922914085514,1.066274006813646
2020-12,207.0,2234.16,416176.21,npci_ckan_mirror,1862.78605829484,4.1617621,0.7075512075817791,1.0549804869387218
2021-01,207.0,2302.73,431181.89,npci_ckan_mirror,1872.481315655765,4.3118189000000005,0.7645170188962622,0.9939695149396071
2021-02,213.0,2292.9,425062.76,npci_ckan_mirror,1853.8216232718391,4.2506276000000005,0.7295898739524322,0.9102489046340065
2021-03,216.0,2731.68,504886.44,npci_ckan_mirror,1848.2634862062907,5.0488644,1.1908825510891532,1.4454169867614093
2021-04,220.0,2641.06,493663.68,npci_ckan_mirror,1869.1876746457865,4.9366368,1.642196144342067,2.2662533033797785
2021-05,224.0,2539.57,490638.65,npci_ckan_mirror,1931.975295030261,4.9063865,1.0571648440664236,1.2466003729081154
2021-06,229.0,2807.51,547373.17,npci_ckan_mirror,1949.6748720396365,5.4737317,1.0999678367603392,1.090527125861707
2021-07,235.0,3247.82,606281.14,npci_ckan_mirror,1866.732577544322,6.0628114,1.169030827589892,1.086754339004218
2021-08,249.0,3555.55,639116.95,npci_ckan_mirror,1797.5192304987977,6.391169499999999,1.1963702179969484,1.142476184231438
2021-09,259.0,3654.3,654351.81,npci_ckan_mirror,1790.6351695263118,6.543518100000001,1.030008777095115,0.9887440770177198
2021-10,261.0,4218.65,771444.98,npci_ckan_mirror,1828.6536688277056,7.7144498,1.036401463588882,0.9980096177549245
2021-11,274.0,4186.48,768436.11,npci_ckan_mirror,1835.518406871644,7.6843611,0.8941377141745428,0.9653140166672995
2021-12,282.0,4566.3,826848.22,npci_ckan_mirror,1810.7619297899832,8.2684822,1.0438554087442262,0.9867743521428096
2022-01,297.0,4617.15,831993.11,npci_ckan_mirror,1801.962487681795,8.3199311,1.0050765830123374,0.929564133595685
2022-02,304.0,4527.49,826843.0,npci_ckan_mirror,1826.2723937545968,8.26843,0.9745693226917875,0.9452256885547912
2022-03,314.0,5405.65,960581.66,npci_ckan_mirror,1776.9956619462969,9.6058166,0.9788738065952087,0.9025697342951022
2022-04,316.0,5583.05,983302.27,npci_ckan_mirror,1761.227769767421,9.8330227,1.113942886568272,0.991846493547996
2022-05,323.0,5955.2,1041520.0,npci_ckan_mirror,1748.92530897367,10.4152,1.3449639112133154,1.122784252728561
2022-06,330.0,5862.75,1014384.0,npci_ckan_mirror,1730.2187539976974,10.14384,1.0882383321875966,0.8531854602957611
2022-07,338.0,6288.4,1062991.0,npci_ckan_mirror,1690.3997837287704,10.62991,0.9361910450702315,0.7532971584766763
2022-08,346.0,6579.63,1072792.68,npci_ckan_mirror,1630.475695441841,10.7279268,0.8505238289434827,0.6785545744014456
2022-09,358.0,6780.8,1116438.1,npci_ckan_mirror,1646.4695906087777,11.164381,0.8555674137317679,0.7061740839381188
2022-10,365.0,7305.42,1211582.51,npci_ckan_mirror,1658.4707107873332,12.1158251,0.7316961587237625,0.5705365144770274
2022-11,376.0,7309.45,1190593.39,npci_ckan_mirror,1628.8412808077212,11.9059339,0.7459655844528101,0.5493719965866777
2022-12,382.0,7829.49,1282055.01,npci_ckan_mirror,1637.4693753999302,12.8205501,0.7146245318967215,0.550532466526928
2023-01,385.0,8036.89,1298726.62,npci_ckan_mirror,1615.9566946916036,12.9872662,0.7406603640774072,0.5609824220779907
2023-02,390.0,7534.76,1235846.62,npci_ckan_mirror,1640.193742070086,12.3584662,0.6642245482596318,0.4946569300338759
2023-03,399.0,8685.3,1410443.01,npci_ckan_mirror,1623.9427653621638,14.1044301,0.6067077964722096,0.46832181867807043
2023-04,414.0,8898.14,1407007.55,npci_ckan_mirror,1581.2378204883269,14.0700755,0.5937775946839092,0.43090033749235634
2023-05,445.0,9415.19,1489145.5,npci_ckan_mirror,1581.6414751056536,14.891455,0.5810031569048899,0.42978099316383744
2023-06,458.0,9335.06,1475464.27,npci_ckan_mirror,1580.5621709983652,14.7546427,0.5922664278708796,0.45454213591697035
2023-07,473.0,9964.61,1533645.2,npci_ckan_mirror,1539.0920467534604,15.336452,0.5846018065008589,0.44276404974266015
2023-08,484.0,10586.02,1576536.56,npci_ckan_mirror,1489.2627824243673,15.7653656,0.6089080996955756,0.4695631219258507
2023-09,,10555.69,1579133.18,npci_manual,1496.00185302903,15.7913318,0.5567027489381784,0.4144386330061647
2023-10,,11408.79,1715768.34,npci_manual,1503.900361037411,17.1576834,0.561688445017535,0.41613825376201574
2023-11,,11235.29,1739740.61,npci_manual,1548.4607962945329,17.3974061,0.5370910260005883,0.4612382570005704
2023-12,,12020.23,1822949.45,npci_manual,1516.5678610143068,18.2294945,0.5352506995985691,0.4218964364095421
2024-01,,12203.02,1841083.97,npci_manual,1508.71175332008,18.4108397,0.518375889181014,0.41760701724894167
2024-02,,12102.67,1827869.35,npci_manual,1510.3025613356392,18.2786935,0.6062449235277567,0.47904223745823726
2024-03,,13440.0,1978353.23,npci_manual,1471.9890104166666,19.7835323,0.5474422299747852,0.40264669750818216
2024-06,,13885.14,2007081.2,npci_manual,1445.4886302910882,20.070812,0.5604542072837695,0.42648928927211505
2024-07,,14435.55,2064292.41,npci_manual,1430.0060683520892,20.6429241,0.5332191915404785,0.3862261343837792
2024-08,,14963.05,2060735.57,npci_manual,1377.2162560440552,20.6073557,0.6028873944034638,0.39666924635186196
2024-09,,15041.75,2063994.71,npci_manual,1372.1772466634534,20.6399471,0.5095171813046371,0.34580978051507616
2024-10,,16584.97,2349821.46,npci_manual,1416.8379321759398,23.4982146,0.5666860633174697,0.4904960148846784
2024-11,,15482.02,2155187.41,npci_manual,1392.0582779249737,21.551874100000003,0.4666990030969078,0.3647914167695472
2024-12,,16730.01,2324699.94,npci_manual,1389.538882523083,23.2469994,0.4664140544264552,0.3549031566813967
2025-01,,16996.01,2348037.11,npci_manual,1381.5225514694332,23.4803711,0.5127344287508375,0.34964781330246675
2025-02,,16106.19,2196481.7,npci_manual,1363.750024059073,21.964817000000004,0.33992361211058375,0.20490543498065739
2025-03,,18301.51,2477221.59,npci_manual,1353.5613127004274,24.7722159,0.49975252027776706,0.34552341466532877
2025-06,675.0,18395.01,2403930.69,npci_manual,1306.8384795659258,24.0393069,0.5199133744867868,0.3151545486552416
2025-07,684.0,19467.95,2508498.1,npci_manual,1288.5270919639715,25.084981000000003,0.44850818452380947,0.2679728078690984
2025-08,688.0,20008.31,2485472.9,npci_manual,1242.2203074622494,24.854729,0.4409872712842653,0.2383519411172801
2025-09,686.0,19633.43,2489736.52,npci_manual,1268.1108293354753,24.8973652,0.36007495384658017,0.2060968242381902
2025-10,683.0,20700.92,2727790.71,npci_manual,1317.7147247561943,27.2779071,0.3834692793247365,0.323697591147029
2025-11,684.0,20466.98,2631632.64,npci_manual,1285.794308686479,26.3163264,0.36067811258663385,0.27501908180762746
2025-12,685.0,21634.67,2796712.71,npci_manual,1292.6995003852612,27.9671271,0.304474472971612,0.19018093825732607
2026-01,691.0,21703.46,2833481.26,npci_manual,1305.5435677076373,28.3348126,0.40184937107690066,0.3147261564598689
2026-02,694.0,20394.2,2684229.3,npci_manual,1316.172882486197,26.842293,0.21901899640227374,0.15465624350642004
2026-03,705.0,22641.14,2952542.03,npci_manual,1304.0606745066725,29.5254203,0.33214442683900525,0.25745117801822137
2026-04,713.0,22346.8,2902988.05,npci_manual,1299.0620804768469,29.0298805,0.38746655788861295,0.32165364728511037
2026-05,720.0,23201.95,2990424.18,npci_manual,1288.8676081105252,29.9042418,0.26776151257464553,0.20716862474947195
2026-06,731.0,22716.08,2892138.66,npci_manual,1273.1680201865815,28.9213866,0.2349044659394044,0.20308737353821127
2026-07,741.0,23658.35,2987880.48,npci_manual,1262.9285136114734,29.8788048,0.21524608394823264,0.1911033458626099
