month,leg,volume_mn,value_brl_bn,volume_share,value_share
2020-11,B2B,0.637,9.855,0.02158,0.380963
2020-11,B2G,0.0,0.001,1.2e-05,4.5e-05
2020-11,B2P,1.655,2.489,0.056057,0.096205
2020-11,G2B,0.001,0.006,3e-05,0.000233
2020-11,G2G,0.0,0.022,9e-06,0.000841
2020-11,G2P,0.001,0.001,2.1e-05,3.1e-05
2020-11,P2B,1.55,1.44,0.052487,0.055652
2020-11,P2G,0.002,0.001,7e-05,5.1e-05
2020-11,P2P,25.679,12.055,0.869734,0.46598
2020-12,B2B,2.799,39.831,0.022414,0.371553
2020-12,B2G,0.002,0.018,1.5e-05,0.00017
2020-12,B2P,8.158,12.027,0.065322,0.112195
2020-12,G2B,0.006,0.055,4.5e-05,0.000515
2020-12,G2G,0.001,0.157,1e-05,0.001467
2020-12,G2P,0.003,0.006,2.7e-05,5.5e-05
2020-12,P2B,7.959,6.285,0.063724,0.058626
2020-12,P2G,0.011,0.007,9e-05,6.1e-05
2020-12,P2P,105.952,48.815,0.848353,0.455359
2021-01,B2B,4.401,49.04,0.025927,0.355571
2021-01,B2G,0.004,0.019,2.4e-05,0.000141
2021-01,B2P,12.28,15.645,0.072335,0.113433
2021-01,G2B,0.003,0.037,1.7e-05,0.000265
2021-01,G2G,0.001,0.461,7e-06,0.003345
2021-01,G2P,0.009,0.005,5.2e-05,3.5e-05
2021-01,P2B,14.135,10.723,0.083259,0.077749
2021-01,P2G,0.036,0.014,0.000209,0.000104
2021-01,P2P,138.897,61.975,0.818169,0.449356
2021-02,B2B,6.171,57.691,0.026898,0.340151
2021-02,B2G,0.007,0.031,2.9e-05,0.000182
2021-02,B2P,20.6,20.662,0.089791,0.121824
2021-02,G2B,0.008,0.057,3.6e-05,0.000338
2021-02,G2G,0.002,0.588,1e-05,0.003467
2021-02,G2P,0.006,0.009,2.6e-05,5.1e-05
2021-02,P2B,21.167,14.539,0.092264,0.085725
2021-02,P2G,0.053,0.022,0.000233,0.000132
2021-02,P2P,181.404,76.005,0.790714,0.44813
2021-03,B2B,9.248,85.7,0.028156,0.359569
2021-03,B2G,0.014,0.04,4.3e-05,0.000168
2021-03,B2P,30.707,28.385,0.093487,0.119095
2021-03,G2B,0.02,0.152,6.1e-05,0.000636
2021-03,G2G,0.004,0.624,1.3e-05,0.002618
2021-03,G2P,0.012,0.016,3.8e-05,6.8e-05
2021-03,P2B,35.056,21.519,0.106727,0.090286
2021-03,P2G,0.077,0.033,0.000233,0.000137
2021-03,P2P,253.321,101.872,0.77124,0.427423
2021-04,B2B,10.861,97.797,0.026446,0.357444
2021-04,B2G,0.036,0.04,8.7e-05,0.000146
2021-04,B2P,38.212,32.484,0.093048,0.118728
2021-04,G2B,0.016,0.095,4e-05,0.000347
2021-04,G2G,0.004,0.29,9e-06,0.00106
2021-04,G2P,0.012,0.017,2.9e-05,6.1e-05
2021-04,P2B,47.63,26.807,0.115981,0.097979
2021-04,P2G,0.149,0.043,0.000362,0.000156
2021-04,P2P,313.753,116.028,0.763999,0.424079
2021-05,B2B,13.728,116.33,0.025269,0.355334
2021-05,B2G,0.109,0.087,0.000201,0.000266
2021-05,B2P,58.629,39.026,0.107918,0.119205
2021-05,G2B,0.021,0.115,3.8e-05,0.000352
2021-05,G2G,0.004,0.378,7e-06,0.001154
2021-05,G2P,0.015,0.018,2.7e-05,5.5e-05
2021-05,P2B,64.709,33.28,0.119108,0.101655
2021-05,P2G,0.428,0.084,0.000788,0.000255
2021-05,P2P,405.636,138.064,0.746645,0.421722
2021-06,B2B,15.845,127.695,0.025311,0.353372
2021-06,B2G,0.111,0.115,0.000177,0.000318
2021-06,B2P,70.17,43.986,0.11209,0.121721
2021-06,G2B,0.026,0.147,4.2e-05,0.000406
2021-06,G2G,0.004,0.507,7e-06,0.001403
2021-06,G2P,0.019,0.024,3e-05,6.7e-05
2021-06,P2B,79.014,36.186,0.126217,0.100139
2021-06,P2G,0.4,0.094,0.000638,0.00026
2021-06,P2P,460.429,152.609,0.735488,0.422315
2021-07,B2B,18.895,140.487,0.02534,0.339814
2021-07,B2G,0.172,0.187,0.000231,0.000453
2021-07,B2P,78.914,52.473,0.105828,0.126925
2021-07,G2B,0.031,0.178,4.2e-05,0.000431
2021-07,G2G,0.005,0.474,6e-06,0.001146
2021-07,G2P,0.022,0.025,2.9e-05,6e-05
2021-07,P2B,99.59,42.32,0.133556,0.102366
2021-07,P2G,0.596,0.126,0.000799,0.000306
2021-07,P2P,547.455,177.151,0.734169,0.4285
2021-08,B2B,21.856,161.436,0.026811,0.352476
2021-08,B2G,0.248,0.194,0.000304,0.000424
2021-08,B2P,72.197,58.239,0.088564,0.127159
2021-08,G2B,0.039,0.228,4.7e-05,0.000497
2021-08,G2G,0.005,0.596,6e-06,0.001302
2021-08,G2P,0.027,0.033,3.3e-05,7.3e-05
2021-08,Nao disponivel,0.0,0.0,0.0,0.0
2021-08,P2B,118.543,47.47,0.145418,0.103645
2021-08,P2G,0.959,0.16,0.001176,0.00035
2021-08,P2P,601.317,189.649,0.73764,0.414076
2021-09,B2B,23.299,173.015,0.026743,0.360718
2021-09,B2G,0.254,0.255,0.000292,0.000532
2021-09,B2P,66.241,59.947,0.076033,0.124982
2021-09,G2B,0.041,0.241,4.7e-05,0.000503
2021-09,G2G,0.006,0.637,7e-06,0.001328
2021-09,G2P,0.028,0.034,3.3e-05,7e-05
2021-09,Nao disponivel,0.0,0.0,0.0,0.0
2021-09,P2B,132.495,48.99,0.152081,0.10214
2021-09,P2G,0.948,0.167,0.001088,0.000349
2021-09,P2P,647.901,196.355,0.743676,0.409378
2021-10,B2B,25.037,176.225,0.025552,0.350991
2021-10,B2G,0.253,0.232,0.000259,0.000463
2021-10,B2P,70.234,63.657,0.071677,0.126786
2021-10,G2B,0.038,0.232,3.9e-05,0.000461
2021-10,G2G,0.005,0.607,5e-06,0.001209
2021-10,G2P,0.03,0.039,3e-05,7.9e-05
2021-10,Nao disponivel,0.0,0.0,0.0,0.0
2021-10,P2B,152.711,51.78,0.15585,0.103132
2021-10,P2G,0.881,0.174,0.000899,0.000346
2021-10,P2P,730.672,209.131,0.745689,0.416532
2021-11,B2B,27.712,192.738,0.026771,0.35803
2021-11,B2G,0.344,0.358,0.000332,0.000665
2021-11,B2P,75.606,69.361,0.07304,0.128846
2021-11,G2B,0.04,0.232,3.9e-05,0.00043
2021-11,G2G,0.005,0.734,5e-06,0.001363
2021-11,G2P,0.031,0.037,3e-05,6.9e-05
2021-11,Nao disponivel,0.112,0.019,0.000109,3.5e-05
2021-11,P2B,171.416,57.092,0.165596,0.106055
2021-11,P2G,0.992,0.203,0.000958,0.000377
2021-11,P2P,758.882,217.556,0.73312,0.404131
2021-12,B2B,30.167,215.221,0.024638,0.345775
2021-12,B2G,0.458,0.474,0.000374,0.000761
2021-12,B2P,85.972,81.167,0.070215,0.130403
2021-12,G2B,0.055,0.344,4.5e-05,0.000552
2021-12,G2G,0.008,1.17,6e-06,0.001879
2021-12,G2P,0.063,0.054,5.1e-05,8.7e-05
2021-12,Nao disponivel,0.347,0.04,0.000283,6.5e-05
2021-12,P2B,202.456,63.077,0.165351,0.101339
2021-12,P2G,1.657,0.501,0.001354,0.000805
2021-12,P2P,903.219,260.383,0.737683,0.418333
2022-01,B2B,29.282,196.885,0.026781,0.355401
2022-01,B2G,0.528,0.504,0.000483,0.00091
2022-01,B2P,78.376,69.544,0.071684,0.125535
2022-01,G2B,0.023,0.28,2.1e-05,0.000505
2022-01,G2G,0.006,1.353,6e-06,0.002442
2022-01,G2P,0.029,0.062,2.7e-05,0.000113
2022-01,Nao disponivel,0.0,0.0,0.0,0.0
2022-01,P2B,194.798,57.242,0.178163,0.10333
2022-01,P2G,1.923,0.591,0.001759,0.001067
2022-01,P2P,788.403,227.517,0.721078,0.410697
2022-02,B2B,30.224,193.197,0.026,0.34356
2022-02,B2G,0.485,0.475,0.000418,0.000845
2022-02,B2P,81.463,71.95,0.070079,0.127948
2022-02,G2B,0.038,0.391,3.3e-05,0.000696
2022-02,G2G,0.009,1.406,8e-06,0.0025
2022-02,G2P,0.327,0.142,0.000282,0.000252
2022-02,P2B,206.592,57.66,0.177722,0.102537
2022-02,P2G,1.703,0.389,0.001465,0.000691
2022-02,P2P,841.598,236.729,0.723993,0.420972
2022-03,B2B,37.264,257.909,0.02735,0.373674
2022-03,B2G,0.559,0.518,0.00041,0.00075
2022-03,B2P,97.675,88.12,0.071689,0.127673
2022-03,G2B,0.05,0.517,3.7e-05,0.000749
2022-03,G2G,0.009,1.321,7e-06,0.001914
2022-03,G2P,0.094,0.157,6.9e-05,0.000228
2022-03,Nao disponivel,0.0,0.0,0.0,0.0
2022-03,P2B,250.107,70.094,0.183568,0.101556
2022-03,P2G,2.068,0.466,0.001518,0.000676
2022-03,P2P,974.652,271.096,0.715352,0.392781
2022-04,B2B,36.828,246.097,0.025936,0.36166
2022-04,B2G,0.643,0.654,0.000453,0.000961
2022-04,B2P,99.048,89.274,0.069754,0.131196
2022-04,G2B,0.048,0.498,3.4e-05,0.000733
2022-04,G2G,0.009,1.33,6e-06,0.001955
2022-04,G2P,0.056,0.148,3.9e-05,0.000217
2022-04,Nao disponivel,0.879,0.108,0.000619,0.000158
2022-04,P2B,268.669,69.247,0.189208,0.101765
2022-04,P2G,2.356,0.583,0.001659,0.000857
2022-04,P2P,1011.431,272.524,0.712292,0.400498
2022-05,B2B,42.024,286.96,0.026679,0.372374
2022-05,B2G,0.817,0.977,0.000518,0.001267
2022-05,B2P,107.479,97.962,0.068234,0.12712
2022-05,G2B,0.062,0.661,3.9e-05,0.000858
2022-05,G2G,0.011,2.089,7e-06,0.002711
2022-05,G2P,0.452,0.284,0.000287,0.000369
2022-05,Nao disponivel,0.114,0.01,7.2e-05,1.3e-05
2022-05,P2B,309.457,79.193,0.196461,0.102764
2022-05,P2G,3.438,0.913,0.002183,0.001185
2022-05,P2P,1111.309,301.574,0.70552,0.391338
2022-06,B2B,43.824,285.307,0.026824,0.369217
2022-06,B2G,0.795,0.803,0.000487,0.001039
2022-06,B2P,111.782,100.676,0.06842,0.130286
2022-06,G2B,0.06,0.765,3.7e-05,0.00099
2022-06,G2G,0.01,1.897,6e-06,0.002455
2022-06,G2P,0.365,0.358,0.000223,0.000464
2022-06,Nao disponivel,0.0,0.0,0.0,0.0
2022-06,P2B,336.05,79.447,0.205692,0.102812
2022-06,P2G,2.413,0.588,0.001477,0.000761
2022-06,P2P,1138.451,302.894,0.696833,0.391977
2022-07,B2B,47.547,299.63,0.027171,0.369084
2022-07,B2G,0.865,0.878,0.000494,0.001081
2022-07,B2P,120.843,105.75,0.069056,0.130262
2022-07,G2B,0.064,1.065,3.7e-05,0.001311
2022-07,G2G,0.012,1.71,7e-06,0.002106
2022-07,G2P,0.38,0.417,0.000217,0.000513
2022-07,Nao disponivel,0.157,0.017,9e-05,2e-05
2022-07,P2B,369.174,83.47,0.210965,0.102817
2022-07,P2G,2.591,0.611,0.001481,0.000753
2022-07,P2P,1208.294,318.276,0.690483,0.392051
2022-08,B2B,54.535,340.595,0.029337,0.383964
2022-08,B2G,1.017,0.943,0.000547,0.001063
2022-08,B2P,130.769,116.89,0.070347,0.131774
2022-08,G2B,0.066,1.032,3.6e-05,0.001164
2022-08,G2G,0.012,1.884,7e-06,0.002124
2022-08,G2P,0.656,0.399,0.000353,0.00045
2022-08,Nao disponivel,0.147,0.015,7.9e-05,1.6e-05
2022-08,P2B,407.404,92.227,0.219163,0.103971
2022-08,P2G,2.968,0.665,0.001597,0.00075
2022-08,P2P,1261.332,332.399,0.678534,0.374724
2022-09,B2B,54.902,330.413,0.02857,0.375435
2022-09,B2G,1.007,0.984,0.000524,0.001118
2022-09,B2P,133.658,117.969,0.069553,0.134044
2022-09,G2B,0.067,1.285,3.5e-05,0.00146
2022-09,G2G,0.015,1.967,8e-06,0.002236
2022-09,G2P,0.811,0.313,0.000422,0.000356
2022-09,Nao disponivel,0.127,0.01,6.6e-05,1.1e-05
2022-09,P2B,430.306,91.677,0.223923,0.104169
2022-09,P2G,3.015,0.654,0.001569,0.000743
2022-09,P2P,1297.761,334.808,0.67533,0.380429
2022-10,B2B,57.972,333.645,0.028293,0.371759
2022-10,B2G,1.1,1.185,0.000537,0.00132
2022-10,B2P,136.933,116.946,0.06683,0.130305
2022-10,G2B,0.064,1.376,3.1e-05,0.001533
2022-10,G2G,0.015,2.007,7e-06,0.002236
2022-10,G2P,1.131,0.302,0.000552,0.000337
2022-10,Nao disponivel,0.0,0.0,0.0,0.0
2022-10,P2B,472.337,95.561,0.230523,0.106477
2022-10,P2G,3.05,0.69,0.001489,0.000768
2022-10,P2P,1376.374,345.767,0.671737,0.385266
2022-11,B2B,61.19,340.583,0.029085,0.369638
2022-11,B2G,1.139,1.182,0.000541,0.001283
2022-11,B2P,143.501,121.774,0.06821,0.132163
2022-11,G2B,0.067,1.214,3.2e-05,0.001317
2022-11,G2G,0.011,2.108,5e-06,0.002288
2022-11,G2P,0.878,0.268,0.000417,0.000291
2022-11,Nao disponivel,0.0,0.0,0.0,0.0
2022-11,P2B,505.347,102.166,0.240207,0.110882
2022-11,P2G,3.158,0.705,0.001501,0.000766
2022-11,P2P,1388.507,351.395,0.66,0.381372
2022-12,B2B,66.012,375.071,0.027242,0.358306
2022-12,B2G,1.32,1.442,0.000545,0.001377
2022-12,B2P,159.569,137.582,0.065852,0.131432
2022-12,G2B,0.092,1.988,3.8e-05,0.001899
2022-12,G2G,0.018,3.656,7e-06,0.003492
2022-12,G2P,0.445,0.281,0.000184,0.000269
2022-12,Nao disponivel,0.0,0.0,0.0,0.0
2022-12,P2B,587.869,114.123,0.242604,0.109022
2022-12,P2G,3.879,1.201,0.001601,0.001147
2022-12,P2P,1603.96,411.445,0.661928,0.393054
2023-01,B2B,65.01,360.755,0.029781,0.37764
2023-01,B2G,1.635,1.652,0.000749,0.001729
2023-01,B2P,148.499,122.757,0.068028,0.128502
2023-01,G2B,0.041,1.193,1.9e-05,0.001249
2023-01,G2G,0.009,2.223,4e-06,0.002327
2023-01,G2P,0.18,0.183,8.3e-05,0.000191
2023-01,Nao disponivel,0.0,0.0,0.0,0.0
2023-01,P2B,565.102,106.44,0.258875,0.111422
2023-01,P2G,5.295,1.585,0.002426,0.001659
2023-01,P2P,1397.147,358.5,0.640037,0.37528
2023-02,B2B,62.422,332.878,0.028982,0.367307
2023-02,B2G,1.405,1.333,0.000652,0.001471
2023-02,B2P,148.546,119.877,0.06897,0.132275
2023-02,G2B,0.065,2.207,3e-05,0.002435
2023-02,G2G,0.011,2.844,5e-06,0.003138
2023-02,G2P,0.136,0.231,6.3e-05,0.000255
2023-02,Nao disponivel,0.347,0.053,0.000161,5.9e-05
2023-02,P2B,561.721,99.839,0.260806,0.110165
2023-02,P2G,4.183,1.059,0.001942,0.001169
2023-02,P2P,1374.954,345.945,0.638388,0.381726
2023-03,B2B,77.834,423.271,0.030571,0.385373
2023-03,B2G,1.72,1.487,0.000676,0.001354
2023-03,B2P,181.38,142.857,0.071241,0.130066
2023-03,G2B,0.091,2.497,3.6e-05,0.002274
2023-03,G2G,0.016,2.644,6e-06,0.002407
2023-03,G2P,0.33,0.326,0.00013,0.000297
2023-03,Nao disponivel,0.199,0.016,7.8e-05,1.4e-05
2023-03,P2B,683.754,121.714,0.268559,0.110816
2023-03,P2G,5.371,1.326,0.002109,0.001207
2023-03,P2P,1595.318,402.204,0.626595,0.366192
2023-04,B2B,72.483,395.025,0.028774,0.383763
2023-04,B2G,1.603,1.628,0.000636,0.001581
2023-04,B2P,176.452,134.011,0.070046,0.13019
2023-04,G2B,0.075,2.215,3e-05,0.002151
2023-04,G2G,0.012,3.092,5e-06,0.003004
2023-04,G2P,0.182,0.297,7.2e-05,0.000289
2023-04,Nao disponivel,0.0,0.0,0.0,0.0
2023-04,P2B,704.783,114.207,0.279778,0.110951
2023-04,P2G,5.255,1.423,0.002086,0.001382
2023-04,P2P,1558.232,377.449,0.618573,0.366688
2023-05,B2B,84.631,449.835,0.030676,0.39225
2023-05,B2G,1.899,1.708,0.000688,0.001489
2023-05,B2P,199.32,150.772,0.072246,0.131471
2023-05,G2B,0.095,2.567,3.4e-05,0.002238
2023-05,G2G,0.013,2.596,5e-06,0.002264
2023-05,G2P,0.736,1.282,0.000267,0.001118
2023-05,Nao disponivel,0.223,0.018,8.1e-05,1.6e-05
2023-05,P2B,799.526,129.972,0.289798,0.113333
2023-05,P2G,6.492,2.096,0.002353,0.001828
2023-05,P2P,1665.972,405.96,0.603852,0.353992
2023-06,B2B,84.754,450.619,0.029651,0.389426
2023-06,B2G,1.724,1.726,0.000603,0.001492
2023-06,B2P,206.46,152.679,0.072229,0.131946
2023-06,G2B,0.091,1.938,3.2e-05,0.001675
2023-06,G2G,0.013,2.647,5e-06,0.002288
2023-06,G2P,2.567,2.767,0.000898,0.002392
2023-06,Nao disponivel,0.0,0.0,0.0,0.0
2023-06,P2B,853.172,131.264,0.298476,0.113439
2023-06,P2G,5.544,1.438,0.001939,0.001243
2023-06,P2P,1704.103,412.056,0.596168,0.356101
2023-07,B2B,89.397,468.115,0.029048,0.387812
2023-07,B2G,1.847,2.012,0.0006,0.001667
2023-07,B2P,228.922,158.479,0.074385,0.131292
2023-07,G2B,0.099,2.719,3.2e-05,0.002252
2023-07,G2G,0.022,2.634,7e-06,0.002182
2023-07,G2P,2.072,2.255,0.000673,0.001868
2023-07,Nao disponivel,0.0,0.0,0.0,0.0
2023-07,P2B,978.717,140.156,0.318018,0.116113
2023-07,P2G,5.445,1.449,0.001769,0.0012
2023-07,P2P,1771.028,429.252,0.575467,0.355615
2023-08,B2B,98.681,511.332,0.030102,0.397377
2023-08,B2G,2.049,2.192,0.000625,0.001704
2023-08,B2P,253.265,173.229,0.077257,0.134624
2023-08,G2B,0.109,2.454,3.3e-05,0.001907
2023-08,G2G,0.017,3.589,5e-06,0.002789
2023-08,G2P,0.37,0.615,0.000113,0.000478
2023-08,Nao disponivel,0.0,0.0,0.0,0.0
2023-08,P2B,1086.795,150.947,0.331519,0.117308
2023-08,P2G,5.828,1.516,0.001778,0.001178
2023-08,P2P,1831.117,440.891,0.558569,0.342635
2023-09,B2B,95.97,507.062,0.028639,0.397009
2023-09,B2G,2.039,2.096,0.000609,0.001641
2023-09,B2P,258.451,169.945,0.077125,0.13306
2023-09,G2B,0.1,4.24,3e-05,0.00332
2023-09,G2G,0.018,2.724,5e-06,0.002133
2023-09,G2P,0.581,0.551,0.000173,0.000431
2023-09,Nao disponivel,0.661,0.043,0.000197,3.4e-05
2023-09,P2B,1122.676,148.905,0.335021,0.116586
2023-09,P2G,6.047,1.488,0.001804,0.001165
2023-09,P2P,1864.514,440.151,0.556396,0.344621
2023-10,B2B,102.595,572.732,0.028863,0.414871
2023-10,B2G,2.122,2.417,0.000597,0.00175
2023-10,B2P,279.347,180.461,0.078587,0.130721
2023-10,G2B,0.112,2.937,3.2e-05,0.002128
2023-10,G2G,0.018,2.816,5e-06,0.00204
2023-10,G2P,0.626,0.504,0.000176,0.000365
2023-10,Nao disponivel,3.007,0.322,0.000846,0.000234
2023-10,P2B,1228.545,159.759,0.34562,0.115725
2023-10,P2G,5.901,1.524,0.00166,0.001104
2023-10,P2P,1932.335,457.035,0.543614,0.331063
2023-11,B2B,104.391,585.904,0.028173,0.412002
2023-11,B2G,2.125,2.334,0.000573,0.001641
2023-11,B2P,296.777,185.397,0.080094,0.130369
2023-11,G2B,0.114,3.639,3.1e-05,0.002559
2023-11,G2G,0.018,3.801,5e-06,0.002673
2023-11,G2P,0.413,0.509,0.000111,0.000358
2023-11,Nao disponivel,0.0,0.0,0.0,0.0
2023-11,P2B,1319.859,168.279,0.356203,0.118332
2023-11,P2G,5.713,1.497,0.001542,0.001053
2023-11,P2P,1975.945,470.731,0.533268,0.331013
2023-12,B2B,112.301,634.073,0.026653,0.396264
2023-12,B2G,2.409,2.811,0.000572,0.001757
2023-12,B2P,325.6,212.165,0.077277,0.132593
2023-12,G2B,0.146,4.844,3.5e-05,0.003028
2023-12,G2G,0.027,6.196,6e-06,0.003872
2023-12,G2P,0.579,0.764,0.000137,0.000477
2023-12,Nao disponivel,2.899,0.632,0.000688,0.000395
2023-12,P2B,1511.649,188.8,0.35877,0.11799
2023-12,P2G,6.688,2.216,0.001587,0.001385
2023-12,P2P,2251.126,547.626,0.534275,0.342239
2024-01,B2B,109.764,621.593,0.028505,0.419087
2024-01,B2G,3.107,3.7,0.000807,0.002495
2024-01,B2P,323.074,193.109,0.083901,0.130197
2024-01,G2B,0.079,1.867,2e-05,0.001259
2024-01,G2G,0.017,2.536,4e-06,0.00171
2024-01,G2P,1.011,0.427,0.000262,0.000288
2024-01,Nao disponivel,0.0,0.0,0.0,0.0
2024-01,P2B,1464.827,177.434,0.380411,0.119629
2024-01,P2G,9.957,3.529,0.002586,0.002379
2024-01,P2P,1938.807,479.012,0.503502,0.322957
2024-02,B2B,108.564,576.464,0.02822,0.40503
2024-02,B2G,2.593,2.694,0.000674,0.001893
2024-02,B2P,323.327,190.657,0.084045,0.133958
2024-02,G2B,0.106,2.371,2.8e-05,0.001666
2024-02,G2G,0.019,3.62,5e-06,0.002543
2024-02,G2P,0.519,0.529,0.000135,0.000372
2024-02,Nao disponivel,0.0,0.0,0.0,0.0
2024-02,P2B,1458.115,172.017,0.379019,0.120861
2024-02,P2G,8.654,2.47,0.002249,0.001735
2024-02,P2P,1945.185,472.439,0.505626,0.331942
2024-03,B2B,120.766,664.048,0.027936,0.417161
2024-03,B2G,2.806,3.319,0.000649,0.002085
2024-03,B2P,367.895,207.71,0.085103,0.130485
2024-03,G2B,0.11,2.684,2.6e-05,0.001686
2024-03,G2G,0.02,3.234,5e-06,0.002031
2024-03,G2P,0.537,0.589,0.000124,0.00037
2024-03,P2B,1664.274,192.511,0.384988,0.120937
2024-03,P2G,8.887,2.516,0.002056,0.001581
2024-03,P2P,2157.631,515.217,0.499113,0.323664
2024-04,B2B,129.382,763.871,0.029775,0.439942
2024-04,B2G,3.567,5.74,0.000821,0.003306
2024-04,B2P,377.45,223.877,0.086865,0.128939
2024-04,G2B,0.441,4.473,0.000102,0.002576
2024-04,G2G,0.023,3.63,5e-06,0.002091
2024-04,G2P,1.13,1.088,0.00026,0.000627
2024-04,Nao disponivel,0.486,0.035,0.000112,2e-05
2024-04,P2B,1683.488,202.524,0.38743,0.116641
2024-04,P2G,9.766,2.855,0.002248,0.001644
2024-04,P2P,2139.536,528.208,0.492383,0.304215
2024-05,B2B,133.353,755.977,0.02886,0.426931
2024-05,B2G,3.618,5.639,0.000783,0.003185
2024-05,B2P,394.782,226.236,0.085437,0.127765
2024-05,G2B,0.277,3.452,6e-05,0.001949
2024-05,G2G,0.021,3.554,5e-06,0.002007
2024-05,G2P,3.322,5.116,0.000719,0.002889
2024-05,P2B,1806.448,211.177,0.390943,0.11926
2024-05,P2G,10.613,3.695,0.002297,0.002087
2024-05,P2P,2268.305,555.877,0.490897,0.313926
2024-06,B2B,134.727,754.347,0.028929,0.424653
2024-06,B2G,3.583,6.501,0.000769,0.00366
2024-06,B2P,391.384,226.888,0.084038,0.127725
2024-06,G2B,0.332,6.352,7.1e-05,0.003576
2024-06,G2G,0.024,3.982,5e-06,0.002241
2024-06,G2P,6.139,7.992,0.001318,0.004499
2024-06,Nao disponivel,0.464,0.033,0.0001,1.8e-05
2024-06,P2B,1818.649,211.435,0.390501,0.119026
2024-06,P2G,9.158,2.685,0.001966,0.001512
2024-06,P2P,2292.764,556.168,0.492303,0.31309
2024-07,B2B,147.167,866.709,0.030745,0.443386
2024-07,B2G,4.093,7.623,0.000855,0.0039
2024-07,B2P,411.37,249.094,0.085941,0.12743
2024-07,G2B,0.229,3.627,4.8e-05,0.001855
2024-07,G2G,0.024,3.766,5e-06,0.001926
2024-07,G2P,6.024,7.093,0.001259,0.003628
2024-07,P2B,1888.687,228.768,0.394575,0.117032
2024-07,P2G,9.606,2.886,0.002007,0.001476
2024-07,P2P,2319.438,585.185,0.484565,0.299366
2024-08,B2B,151.703,839.849,0.030284,0.431094
2024-08,B2G,4.164,7.207,0.000831,0.003699
2024-08,B2P,432.567,254.058,0.086351,0.130408
2024-08,G2B,0.243,5.057,4.9e-05,0.002596
2024-08,G2G,0.023,3.492,5e-06,0.001792
2024-08,G2P,5.1,5.74,0.001018,0.002946
2024-08,P2B,1995.019,234.857,0.398256,0.120552
2024-08,P2G,9.362,2.833,0.001869,0.001454
2024-08,P2P,2411.203,595.088,0.481337,0.305458
2024-09,B2B,151.309,850.654,0.030911,0.43905
2024-09,B2G,4.263,7.215,0.000871,0.003724
2024-09,B2P,425.655,251.484,0.086958,0.129799
2024-09,G2B,0.299,6.303,6.1e-05,0.003253
2024-09,G2G,0.023,3.402,5e-06,0.001756
2024-09,G2P,1.25,1.458,0.000255,0.000753
2024-09,Nao disponivel,1.222,0.428,0.00025,0.000221
2024-09,P2B,1950.681,232.004,0.398508,0.119745
2024-09,P2G,10.021,3.009,0.002047,0.001553
2024-09,P2P,2350.236,581.531,0.480134,0.300147
2024-10,B2B,165.096,934.894,0.032396,0.447647
2024-10,B2G,4.649,8.776,0.000912,0.004202
2024-10,B2P,439.512,266.151,0.086244,0.127439
2024-10,G2B,0.166,7.351,3.3e-05,0.00352
2024-10,G2G,0.024,4.087,5e-06,0.001957
2024-10,G2P,1.927,1.317,0.000378,0.000631
2024-10,Nao disponivel,0.543,0.043,0.000107,2.1e-05
2024-10,P2B,2023.65,246.872,0.397093,0.118207
2024-10,P2G,10.353,3.277,0.002032,0.001569
2024-10,P2P,2450.237,615.695,0.480801,0.294808
2024-11,B2B,163.11,917.727,0.031542,0.440884
2024-11,B2G,4.39,8.061,0.000849,0.003872
2024-11,B2P,433.312,263.617,0.083792,0.126644
2024-11,G2B,0.247,10.917,4.8e-05,0.005244
2024-11,G2G,0.024,3.588,5e-06,0.001724
2024-11,G2P,1.312,1.068,0.000254,0.000513
2024-11,Nao disponivel,0.0,0.0,0.0,0.0
2024-11,P2B,2063.992,250.544,0.399126,0.120363
2024-11,P2G,9.835,3.071,0.001902,0.001476
2024-11,P2P,2495.055,622.969,0.482483,0.29928
2024-12,B2B,175.297,1024.703,0.030699,0.439942
2024-12,B2G,4.935,11.554,0.000864,0.004961
2024-12,B2P,484.898,295.723,0.084919,0.126965
2024-12,G2B,0.231,6.634,4e-05,0.002848
2024-12,G2G,0.032,5.435,6e-06,0.002333
2024-12,G2P,1.77,1.137,0.00031,0.000488
2024-12,Nao disponivel,0.878,0.091,0.000154,3.9e-05
2024-12,P2B,2306.604,277.995,0.403951,0.119353
2024-12,P2G,10.871,3.982,0.001904,0.00171
2024-12,P2P,2724.598,701.925,0.477153,0.301362
2025-01,B2B,178.751,974.695,0.035324,0.469204
2025-01,B2G,6.187,12.026,0.001223,0.005789
2025-01,B2P,451.061,254.995,0.089137,0.122751
2025-01,G2B,0.127,3.429,2.5e-05,0.001651
2025-01,G2G,0.023,3.931,4e-06,0.001892
2025-01,G2P,1.274,1.036,0.000252,0.000499
2025-01,Nao disponivel,1.521,0.575,0.000301,0.000277
2025-01,P2B,2110.396,244.404,0.417051,0.117652
2025-01,P2G,15.566,6.39,0.003076,0.003076
2025-01,P2P,2295.379,575.858,0.453607,0.27721
2025-02,B2B,178.033,934.487,0.035708,0.457079
2025-02,B2G,5.547,9.975,0.001113,0.004879
2025-02,B2P,439.229,256.511,0.088096,0.125465
2025-02,G2B,0.194,5.711,3.9e-05,0.002793
2025-02,G2G,0.029,4.572,6e-06,0.002236
2025-02,G2P,0.992,1.184,0.000199,0.000579
2025-02,Nao disponivel,0.663,0.069,0.000133,3.4e-05
2025-02,P2B,2057.528,241.026,0.412677,0.117891
2025-02,P2G,13.589,5.04,0.002725,0.002465
2025-02,P2P,2290.001,585.901,0.459304,0.286578
2025-03,B2B,189.292,984.936,0.034018,0.453382
2025-03,B2G,5.839,9.992,0.001049,0.0046
2025-03,B2P,505.875,274.744,0.090912,0.126469
2025-03,G2B,0.256,5.903,4.6e-05,0.002717
2025-03,G2G,0.031,4.63,6e-06,0.002131
2025-03,G2P,0.647,1.098,0.000116,0.000505
2025-03,Nao disponivel,0.0,0.0,0.0,0.0
2025-03,P2B,2338.978,261.969,0.420344,0.120589
2025-03,P2G,14.684,4.993,0.002639,0.002298
2025-03,P2P,2508.83,624.155,0.450869,0.287308
2025-04,B2B,191.892,1026.258,0.034278,0.455262
2025-04,B2G,5.958,11.659,0.001064,0.005172
2025-04,B2P,512.407,290.271,0.091531,0.128768
2025-04,G2B,0.195,4.78,3.5e-05,0.002121
2025-04,G2G,0.033,4.888,6e-06,0.002168
2025-04,G2P,1.399,1.919,0.00025,0.000851
2025-04,Nao disponivel,0.804,0.16,0.000144,7.1e-05
2025-04,P2B,2378.133,270.486,0.424806,0.119991
2025-04,P2G,14.384,5.104,0.002569,0.002264
2025-04,P2P,2492.956,638.687,0.445317,0.28333
2025-05,B2B,202.793,1076.677,0.034197,0.452533
2025-05,B2G,6.085,10.817,0.001026,0.004546
2025-05,B2P,536.458,297.05,0.090463,0.124852
2025-05,G2B,0.267,5.971,4.5e-05,0.00251
2025-05,G2G,0.034,4.895,6e-06,0.002058
2025-05,G2P,5.975,7.915,0.001008,0.003327
2025-05,P2B,2514.369,286.529,0.423998,0.12043
2025-05,P2G,16.364,6.973,0.00276,0.002931
2025-05,P2P,2647.794,682.396,0.446498,0.286815
2025-06,B2B,198.496,1113.785,0.034229,0.464952
2025-06,B2G,5.829,11.141,0.001005,0.004651
2025-06,B2P,532.002,293.535,0.09174,0.122537
2025-06,G2B,0.289,13.128,5e-05,0.00548
2025-06,G2G,0.034,4.96,6e-06,0.00207
2025-06,G2P,5.999,9.181,0.001035,0.003833
2025-06,Nao disponivel,0.64,0.05,0.00011,2.1e-05
2025-06,P2B,2461.178,281.175,0.424413,0.117377
2025-06,P2G,14.244,4.902,0.002456,0.002046
2025-06,P2P,2580.299,663.624,0.444955,0.277032
2025-07,B2B,213.148,1210.354,0.035543,0.472415
2025-07,B2G,6.325,13.546,0.001055,0.005287
2025-07,B2P,536.635,309.461,0.089486,0.120786
2025-07,G2B,0.328,6.996,5.5e-05,0.002731
2025-07,G2G,0.039,4.432,6e-06,0.00173
2025-07,G2P,6.576,8.964,0.001097,0.003499
2025-07,Nao disponivel,0.584,0.049,9.7e-05,1.9e-05
2025-07,P2B,2559.384,298.959,0.426787,0.116687
2025-07,P2G,14.638,5.062,0.002441,0.001976
2025-07,P2P,2659.205,704.233,0.443433,0.27487
2025-08,B2B,216.512,1194.774,0.0347,0.468489
2025-08,B2G,6.21,12.454,0.000995,0.004883
2025-08,B2P,564.442,312.273,0.090461,0.122447
2025-08,G2B,0.298,6.785,4.8e-05,0.00266
2025-08,G2G,0.037,4.798,6e-06,0.001881
2025-08,G2P,3.305,3.575,0.00053,0.001402
2025-08,Nao disponivel,0.215,0.033,3.5e-05,1.3e-05
2025-08,P2B,2702.98,303.034,0.433197,0.118824
2025-08,P2G,13.606,4.844,0.002181,0.0019
2025-08,P2P,2732.003,707.704,0.437849,0.277501
2025-09,B2B,223.986,1286.608,0.03652,0.485215
2025-09,B2G,6.666,13.692,0.001087,0.005164
2025-09,B2P,565.701,321.187,0.092235,0.121128
2025-09,G2B,0.337,7.489,5.5e-05,0.002824
2025-09,G2G,0.042,4.646,7e-06,0.001752
2025-09,G2P,1.151,2.197,0.000188,0.000828
2025-09,Nao disponivel,0.726,0.058,0.000118,2.2e-05
2025-09,P2B,2660.253,308.337,0.433741,0.116282
2025-09,P2G,14.839,5.314,0.002419,0.002004
2025-09,P2P,2659.576,702.097,0.43363,0.26478
2025-10,B2B,241.219,1335.298,0.037381,0.482617
2025-10,B2G,6.861,16.104,0.001063,0.00582
2025-10,B2P,587.79,336.788,0.091088,0.121725
2025-10,G2B,0.316,6.578,4.9e-05,0.002377
2025-10,G2G,0.05,5.052,8e-06,0.001826
2025-10,G2P,1.263,2.319,0.000196,0.000838
2025-10,Nao disponivel,0.986,0.099,0.000153,3.6e-05
2025-10,P2B,2813.643,323.967,0.436021,0.117091
2025-10,P2G,13.981,5.47,0.002167,0.001977
2025-10,P2P,2786.897,735.115,0.431876,0.265692
2025-11,B2B,235.821,1206.859,0.0365,0.462791
2025-11,B2G,6.201,14.282,0.00096,0.005477
2025-11,B2P,581.688,320.3,0.090032,0.122825
2025-11,G2B,0.349,8.771,5.4e-05,0.003363
2025-11,G2G,0.047,5.861,7e-06,0.002247
2025-11,G2P,1.831,1.844,0.000283,0.000707
2025-11,Nao disponivel,1.039,0.111,0.000161,4.3e-05
2025-11,P2B,2860.455,322.687,0.442733,0.12374
2025-11,P2G,12.279,4.629,0.001901,0.001775
2025-11,P2P,2761.188,722.441,0.427369,0.277032
2025-12,B2B,263.209,1523.495,0.037079,0.484147
2025-12,B2G,7.146,17.099,0.001007,0.005434
2025-12,B2P,648.428,393.178,0.091345,0.124947
2025-12,G2B,0.402,10.177,5.7e-05,0.003234
2025-12,G2G,0.064,8.072,9e-06,0.002565
2025-12,G2P,1.435,2.577,0.000202,0.000819
2025-12,P2B,3153.246,361.889,0.444205,0.115004
2025-12,P2G,14.023,6.174,0.001975,0.001962
2025-12,P2P,3010.679,824.102,0.424121,0.261889
2026-01,B2B,257.006,1337.725,0.040383,0.495453
2026-01,B2G,8.338,20.437,0.00131,0.007569
2026-01,B2P,592.157,306.398,0.093045,0.113481
2026-01,G2B,0.266,5.754,4.2e-05,0.002131
2026-01,G2G,0.047,6.767,7e-06,0.002506
2026-01,G2P,0.687,1.118,0.000108,0.000414
2026-01,Nao disponivel,0.98,0.078,0.000154,2.9e-05
2026-01,P2B,2906.022,319.116,0.456622,0.118191
2026-01,P2G,24.387,9.067,0.003832,0.003358
2026-01,P2P,2574.285,693.542,0.404496,0.256867
2026-02,B2B,250.568,1280.313,0.041857,0.499451
2026-02,B2G,7.304,14.88,0.00122,0.005805
2026-02,B2P,560.999,295.036,0.093714,0.115094
2026-02,G2B,0.383,10.218,6.4e-05,0.003986
2026-02,G2G,0.055,5.141,9e-06,0.002006
2026-02,G2P,1.496,1.676,0.00025,0.000654
2026-02,P2B,2730.047,297.423,0.456051,0.116025
2026-02,P2G,16.297,6.758,0.002722,0.002636
2026-02,P2P,2419.126,651.995,0.404112,0.254344
2026-03,B2B,291.073,1570.669,0.043173,0.521343
2026-03,B2G,8.352,16.006,0.001239,0.005313
2026-03,B2P,624.298,337.603,0.092598,0.112059
2026-03,G2B,0.33,6.89,4.9e-05,0.002287
2026-03,G2G,0.068,5.505,1e-05,0.001827
2026-03,G2P,1.163,1.813,0.000173,0.000602
2026-03,Nao disponivel,1.338,0.094,0.000198,3.1e-05
2026-03,P2B,3090.321,340.859,0.458369,0.113139
2026-03,P2G,19.257,7.227,0.002856,0.002399
2026-03,P2P,2705.796,726.071,0.401334,0.241001
2026-04,B2B,280.064,1455.704,0.04192,0.502543
2026-04,B2G,8.21,19.426,0.001229,0.006706
2026-04,B2P,623.44,338.822,0.093317,0.116969
2026-04,G2B,0.388,6.869,5.8e-05,0.002371
2026-04,G2G,0.075,6.884,1.1e-05,0.002377
2026-04,G2P,1.416,2.287,0.000212,0.000789
2026-04,Nao disponivel,0.721,0.031,0.000108,1.1e-05
2026-04,P2B,3085.488,339.501,0.461837,0.117204
2026-04,P2G,18.107,6.691,0.00271,0.00231
2026-04,P2P,2662.987,720.461,0.398597,0.24872
2026-05,B2B,285.574,1447.146,0.040098,0.489316
2026-05,B2G,8.349,16.85,0.001172,0.005697
2026-05,B2P,672.8,347.121,0.094469,0.11737
2026-05,G2B,0.293,8.751,4.1e-05,0.002959
2026-05,G2G,0.073,3.921,1e-05,0.001326
2026-05,G2P,7.58,12.507,0.001064,0.004229
2026-05,Nao disponivel,0.88,0.023,0.000124,8e-06
2026-05,P2B,3286.493,356.296,0.461464,0.120473
2026-05,P2G,19.743,9.336,0.002772,0.003157
2026-05,P2P,2840.094,755.538,0.398784,0.255466
2026-06,B2B,286.735,1546.118,0.041066,0.507902
2026-06,B2G,8.612,17.109,0.001233,0.00562
2026-06,B2P,668.058,349.023,0.095679,0.114654
2026-06,G2B,0.297,9.388,4.3e-05,0.003084
2026-06,G2G,0.095,4.649,1.4e-05,0.001527
2026-06,G2P,8.503,13.351,0.001218,0.004386
2026-06,Nao disponivel,0.822,0.022,0.000118,7e-06
2026-06,P2B,3214.575,355.475,0.460391,0.116774
2026-06,P2G,17.181,6.299,0.002461,0.002069
2026-06,P2P,2777.394,742.692,0.397778,0.243975
2026-07,B2B,304.32,1654.179,0.042043,0.513196
2026-07,B2G,9.575,20.869,0.001323,0.006474
2026-07,B2P,681.372,364.131,0.094133,0.112969
2026-07,G2B,0.371,16.692,5.1e-05,0.005179
2026-07,G2G,0.106,5.509,1.5e-05,0.001709
2026-07,G2P,7.278,5.65,0.001005,0.001753
2026-07,P2B,3357.62,374.247,0.463864,0.116107
2026-07,P2G,16.967,6.423,0.002344,0.001993
2026-07,P2P,2860.765,775.59,0.395222,0.24062
2026-08,B2B,308.571,1615.42,0.041886,0.508877
2026-08,B2G,9.417,18.342,0.001278,0.005778
2026-08,B2P,687.169,364.783,0.093277,0.114911
2026-08,G2B,0.329,14.468,4.5e-05,0.004558
2026-08,G2G,0.109,5.931,1.5e-05,0.001868
2026-08,G2P,1.314,2.67,0.000178,0.000841
2026-08,Nao disponivel,0.0,0.0,0.0,0.0
2026-08,P2B,3436.104,374.278,0.46642,0.117902
2026-08,P2G,16.572,6.035,0.002249,0.001901
2026-08,P2P,2907.395,772.556,0.394652,0.243364
