year,quarter,period,category,instrument,count,amount_inr,avg_ticket_inr,amount_lakh_cr,count_bn
2018,1,2018Q1,P2P,TOTAL,47101116,147245883542.81802,3126.165493463425,0.14724588354281803,0.047101116
2018,1,2018Q1,Retail,TOTAL,89921478,20568759999.93426,228.74134697757373,0.020568759999934263,0.089921478
2018,1,2018Q1,Utility,TOTAL,2955878,4708627267.640471,1592.9707747209025,0.004708627267640471,0.002955878
2018,2,2018Q2,P2P,TOTAL,74704527,264767671094.9749,3544.198480702179,0.2647676710949749,0.074704527
2018,2,2018Q2,Retail,TOTAL,111138041,30220874155.105717,271.92196194195753,0.030220874155105718,0.111138041
2018,2,2018Q2,Utility,TOTAL,7805908,10291253167.801592,1318.3928337102604,0.010291253167801592,0.007805908
2018,3,2018Q3,P2P,TOTAL,202136497,425967421713.8337,2107.325634092856,0.42596742171383367,0.202136497
2018,3,2018Q3,Retail,TOTAL,133122344,35132218793.594055,263.9092562372103,0.03513221879359406,0.133122344
2018,3,2018Q3,Utility,TOTAL,11767069,14933708388.59365,1269.1102931914184,0.01493370838859365,0.011767069
2018,4,2018Q4,P2P,TOTAL,200253637,594995709377.1013,2971.210502294654,0.5949957093771013,0.200253637
2018,4,2018Q4,Retail,TOTAL,212247229,57960942788.3355,273.08221201010593,0.0579609427883355,0.212247229
2018,4,2018Q4,Utility,TOTAL,15890009,20326596135.375454,1279.2060807124435,0.020326596135375453,0.015890009
2019,1,2019Q1,P2P,TOTAL,404853333,887893108631.0564,2193.122882431738,0.8878931086310564,0.404853333
2019,1,2019Q1,Retail,TOTAL,290431981,75367801413.36275,259.5024182731541,0.07536780141336274,0.290431981
2019,1,2019Q1,Utility,TOTAL,25001026,29032725772.531696,1161.2613727345308,0.029032725772531697,0.025001026
2019,2,2019Q2,P2P,TOTAL,384919116,1196425281585.3062,3108.2511412223707,1.1964252815853063,0.384919116
2019,2,2019Q2,Retail,TOTAL,414986396,119879927485.47314,288.876764734893,0.11987992748547315,0.414986396
2019,2,2019Q2,Utility,TOTAL,27745731,40688149667.54643,1466.465225498886,0.040688149667546435,0.027745731
2019,3,2019Q3,P2P,TOTAL,462141725,1440512511472.762,3117.0362543498145,1.440512511472762,0.462141725
2019,3,2019Q3,Retail,TOTAL,591714936,161068395462.40607,272.2060669132849,0.16106839546240606,0.591714936
2019,3,2019Q3,Utility,TOTAL,52085151,74111923414.74724,1422.8992715168904,0.07411192341474723,0.052085151
2019,4,2019Q4,P2P,TOTAL,703745511,1963952535226.5454,2790.714121125734,1.9639525352265454,0.703745511
2019,4,2019Q4,Retail,TOTAL,660286758,194478712200.18768,294.536744594517,0.19447871220018767,0.660286758
2019,4,2019Q4,Utility,TOTAL,106511932,104658746482.73447,982.6011463460682,0.10465874648273446,0.106511932
2020,1,2020Q1,P2P,TOTAL,694257483,2320557354594.0283,3342.5024741058905,2.3205573545940283,0.694257483
2020,1,2020Q1,Retail,TOTAL,778526397,257423762311.36432,330.65514965623487,0.2574237623113643,0.778526397
2020,1,2020Q1,Utility,TOTAL,159916511,122026884303.45999,763.0661996087446,0.12202688430346,0.159916511
2020,2,2020Q2,P2P,TOTAL,631268435,2243916310864.9,3554.6150994622435,2.2439163108649,0.631268435
2020,2,2020Q2,Retail,TOTAL,610011327,280729736148.84955,460.20413674851244,0.28072973614884955,0.610011327
2020,2,2020Q2,Utility,TOTAL,218793828,123986465830.5697,566.6817339590115,0.1239864658305697,0.218793828
2020,3,2020Q3,P2P,TOTAL,917047650,3287053651200.2812,3584.3869740032387,3.287053651200281,0.91704765
2020,3,2020Q3,Retail,TOTAL,911011891,447822255630.6803,491.56576336134816,0.4478222556306803,0.911011891
2020,3,2020Q3,Utility,TOTAL,219960397,170866832792.9354,776.8072576852795,0.1708668327929354,0.219960397
2020,4,2020Q4,P2P,TOTAL,1249592359,4474550699837.9,3580.808307293675,4.4745506998379,1.249592359
2020,4,2020Q4,Retail,TOTAL,1343719654,700734479235.8248,521.4885985702973,0.7007344792358249,1.343719654
2020,4,2020Q4,Utility,TOTAL,288560685,224533438864.62445,778.1151436642328,0.22453343886462446,0.288560685
2021,1,2021Q1,P2P,TOTAL,1447737856,5170856819481.144,3571.6803273818264,5.170856819481144,1.447737856
2021,1,2021Q1,Retail,TOTAL,1485134324,820548066550.2906,552.5076441168366,0.8205480665502907,1.485134324
2021,1,2021Q1,Utility,TOTAL,532828981,296840849652.8541,557.103423871109,0.2968408496528541,0.532828981
2021,2,2021Q2,P2P,TOTAL,1744381804,6163165772740.209,3533.1518355715484,6.163165772740209,1.744381804
2021,2,2021Q2,Retail,TOTAL,1473347416,954714808552.6382,647.9902826616409,0.9547148085526382,1.473347416
2021,2,2021Q2,Utility,TOTAL,732835741,362894718139.4824,495.19243922831873,0.36289471813948243,0.732835741
2021,3,2021Q3,P2P,TOTAL,2215589893,7429347604768.668,3353.2142515368787,7.429347604768668,2.215589893
2021,3,2021Q3,Retail,TOTAL,2278944000,1360427603452.4253,596.9552579845864,1.3604276034524252,2.278944
2021,3,2021Q3,Utility,TOTAL,778122768,432126040995.3407,555.3442962554988,0.4321260409953407,0.778122768
2021,4,2021Q4,P2P,TOTAL,2357658301,7988340721262.672,3388.2521134951658,7.988340721262672,2.357658301
2021,4,2021Q4,Retail,TOTAL,2708036931,1670584805340.616,616.8988266802245,1.670584805340616,2.708036931
2021,4,2021Q4,Utility,TOTAL,698907805,439185882358.44446,628.388865049868,0.43918588235844447,0.698907805
2022,1,2022Q1,P2P,TOTAL,3004148819,10273681605895.574,3419.8311151960193,10.273681605895574,3.004148819
2022,1,2022Q1,Retail,TOTAL,3643052357,2114880480789.1416,580.5243168480605,2.1148804807891417,3.643052357
2022,1,2022Q1,Utility,TOTAL,776357606,514075186444.3045,662.1628776112029,0.5140751864443045,0.776357606
2022,2,2022Q2,P2P,TOTAL,3425101859,11845669805590.191,3458.4868693653034,11.845669805590191,3.425101859
2022,2,2022Q2,Retail,TOTAL,4617039926,2647118147441.08,573.3366377306654,2.64711814744108,4.617039926
2022,2,2022Q2,Utility,TOTAL,911561731,602801004075.7869,661.2837985360608,0.6028010040757869,0.911561731
2022,3,2022Q3,P2P,TOTAL,3947241409,12809400422543.578,3245.1525243267884,12.809400422543579,3.947241409
2022,3,2022Q3,Retail,TOTAL,5549687895,3056326614657.4795,550.7204499573899,3.0563266146574795,5.549687895
2022,3,2022Q3,Utility,TOTAL,1040275543,718003996472.7179,690.205591493674,0.7180039964727178,1.040275543
2022,4,2022Q4,P2P,TOTAL,4324963928,14143480411753.057,3270.196155900299,14.143480411753057,4.324963928
2022,4,2022Q4,Retail,TOTAL,6322053632,3470158956748.4375,548.8974245937617,3.4701589567484374,6.322053632
2022,4,2022Q4,Utility,TOTAL,1079242404,770714348649.1868,714.1253399539208,0.7707143486491868,1.079242404
2023,1,2023Q1,P2P,TOTAL,4792470518,15924876498831.21,3322.895036916576,15.92487649883121,4.792470518
2023,1,2023Q1,Retail,TOTAL,7131649041,3770386639494.8447,528.6837052438801,3.770386639494845,7.131649041
2023,1,2023Q1,Utility,TOTAL,1172364563,829590564254.5071,707.62166516842,0.8295905642545071,1.172364563
2023,2,2023Q2,P2P,TOTAL,5374551578,17722778869084.047,3297.5362896562096,17.722778869084046,5.374551578
2023,2,2023Q2,Retail,TOTAL,8425354748,4219499939211.5576,500.8097659286307,4.219499939211557,8.425354748
2023,2,2023Q2,Utility,TOTAL,1316281943,985891275164.4216,748.997037000622,0.9858912751644217,1.316281943
2023,3,2023Q3,P2P,TOTAL,5929670663,18342686824683.375,3093.3736234523444,18.342686824683376,5.929670663
2023,3,2023Q3,Retail,TOTAL,9741914217,4605174500635.483,472.7176197670971,4.605174500635483,9.741914217
2023,3,2023Q3,Utility,TOTAL,1376579779,1073595715818.6113,779.9008326262879,1.0735957158186114,1.376579779
2023,4,2023Q4,P2P,TOTAL,6647630864,20545071651642.883,3090.585514142183,20.545071651642882,6.647630864
2023,4,2023Q4,Retail,TOTAL,10978328265,5359809825867.9,488.21730380895116,5.359809825867901,10.978328265
2023,4,2023Q4,Utility,TOTAL,1409175913,1223199173650.7825,868.0244690293556,1.2231991736507826,1.409175913
2024,1,2024Q1,P2P,TOTAL,7336132265,22329194286455.582,3043.728422534866,22.329194286455582,7.336132265
2024,1,2024Q1,Retail,TOTAL,12362025799,5895178298681.608,476.878012919087,5.895178298681609,12.362025799
2024,1,2024Q1,Utility,TOTAL,1551676514,1292118825487.7725,832.7243557723737,1.2921188254877725,1.551676514
2024,2,2024Q2,P2P,TOTAL,7929913581,23817818325398.516,3003.540717324561,23.817818325398516,7.929913581
2024,2,2024Q2,Retail,TOTAL,14417003150,6559229555752.334,454.96484168780484,6.559229555752334,14.41700315
2024,2,2024Q2,Utility,TOTAL,1685219208,1452646564299.1975,861.9926460624566,1.4526465642991975,1.685219208
2024,3,2024Q3,P2P,TOTAL,8566987345,23963938756090.566,2797.242226589348,23.963938756090567,8.566987345
2024,3,2024Q3,Retail,TOTAL,15529951447,6750110686285.371,434.65111332265786,6.750110686285371,15.529951447
2024,3,2024Q3,Utility,TOTAL,1730624851,1642651067121.496,949.166462143618,1.642651067121496,1.730624851
2024,4,2024Q4,P2P,TOTAL,9368201927,26633866935111.484,2843.0073500391027,26.633866935111485,9.368201927
2024,4,2024Q4,Retail,TOTAL,17088280371,7602790305577.834,444.912544768419,7.602790305577834,17.088280371
2024,4,2024Q4,Utility,TOTAL,1767462539,1772670829005.7222,1002.9467611849182,1.7726708290057223,1.767462539
2025,1,2025Q1,P2P,TOTAL,9746733751,27829606589848.008,2855.2751414793424,27.82960658984801,9.746733751
2025,1,2025Q1,Retail,TOTAL,17844086266,7619245009688.357,426.9899223815127,7.619245009688357,17.844086266
2025,1,2025Q1,Utility,TOTAL,1917477198,1883178460673.604,982.1125709540792,1.883178460673604,1.917477198
2025,2,2025Q2,P2P,TOTAL,9900005748,28268720863299.043,2855.4246919513043,28.26872086329904,9.900005748
2025,2,2025Q2,Retail,TOTAL,19304029989,8176814143804.889,423.5806797059617,8.176814143804888,19.304029989
2025,2,2025Q2,Utility,TOTAL,1930174862,1973927573014.5562,1022.6677447084875,1.9739275730145562,1.930174862
2025,3,2025Q3,P2P,TOTAL,10422073985,27595198105516.906,2647.7645567699265,27.595198105516907,10.422073985
2025,3,2025Q3,Retail,TOTAL,20635151288,8402692427468.916,407.2028506209862,8.402692427468915,20.635151288
2025,3,2025Q3,Utility,TOTAL,1950772627,2149448721564.6545,1101.844823848174,2.1494487215646547,1.950772627
2025,4,2025Q4,P2P,TOTAL,11083827632,29860876292763.58,2694.094250126424,29.860876292763578,11.083827632
2025,4,2025Q4,Retail,TOTAL,21832362356,9277808164803.066,424.95667731775836,9.277808164803066,21.832362356
2025,4,2025Q4,Utility,TOTAL,1977344265,2339219285222.5327,1183.0106302821946,2.3392192852225326,1.977344265
2026,1,2026Q1,P2P,TOTAL,11518262185,31307245432326.008,2718.052856367239,31.307245432326006,11.518262185
2026,1,2026Q1,Retail,TOTAL,22674188870,9657607938640.018,425.92958866184205,9.657607938640018,22.67418887
2026,1,2026Q1,Utility,TOTAL,2059248030,2481213375757.9775,1204.9123464539516,2.4812133757579775,2.05924803
2026,2,2026Q2,P2P,TOTAL,11889781621,32389025199241.22,2724.105978703174,32.38902519924122,11.889781621
2026,2,2026Q2,Retail,TOTAL,24691181013,10483776876684.934,424.59600742326523,10.483776876684933,24.691181013
2026,2,2026Q2,Utility,TOTAL,2083323057,2623651480946.3564,1259.358922818448,2.6236514809463563,2.083323057
