year,quarter,period,state,count,amount_inr,avg_ticket_inr
2018,1,2018Q1,andaman & nicobar islands,9089,18569126.204451818,2043.0329194027745
2018,1,2018Q1,andhra pradesh,10862829,14001071206.72507,1288.8973219338232
2018,1,2018Q1,arunachal pradesh,56572,112009706.82247925,1979.949565553264
2018,1,2018Q1,assam,1295882,1391575090.9188318,1073.8439849606923
2018,1,2018Q1,bihar,7267806,7318769108.557262,1007.0121723883744
2018,1,2018Q1,chandigarh,223975,393507115.84811443,1756.924281049735
2018,1,2018Q1,chhattisgarh,2308574,2600414470.835706,1126.4159047254739
2018,1,2018Q1,dadra & nagar haveli & daman & diu,175749,203738508.32623297,1159.2584215343072
2018,1,2018Q1,delhi,4861388,8271371793.392628,1701.442426194459
2018,1,2018Q1,goa,183383,349066357.90028584,1903.4826450668047
2018,1,2018Q1,gujarat,6635512,8197590210.3636875,1235.4118582505296
2018,1,2018Q1,haryana,5044397,7580699902.527901,1502.796053230525
2018,1,2018Q1,himachal pradesh,532148,653574896.6591835,1228.1825669911068
2018,1,2018Q1,jammu & kashmir,656163,592623090.2033798,903.1644426817418
2018,1,2018Q1,jharkhand,2678000,2859566816.5828524,1067.799408731461
2018,1,2018Q1,karnataka,11259403,17637623160.251854,1566.4794270399464
2018,1,2018Q1,kerala,1825372,2419982815.1613374,1325.7477463012128
2018,1,2018Q1,ladakh,7733,15241000.350078736,1970.9039635430927
2018,1,2018Q1,lakshadweep,1124,3053772.2105995324,2716.8791909248507
2018,1,2018Q1,madhya pradesh,8614129,9240858109.528643,1072.755946599899
2018,1,2018Q1,maharashtra,15771297,20616284599.60267,1307.2028635059417
2018,1,2018Q1,manipur,104908,152517177.2974037,1453.8183674972709
2018,1,2018Q1,meghalaya,57738,76092836.20456234,1317.8987184274192
2018,1,2018Q1,mizoram,22181,53160735.45542757,2396.6789349185146
2018,1,2018Q1,nagaland,52459,93045812.18725257,1773.686349096486
2018,1,2018Q1,odisha,7048986,5532172856.319677,784.8182499326396
2018,1,2018Q1,puducherry,106212,167573456.07454073,1577.7262086632466
2018,1,2018Q1,punjab,2152570,3144283659.55326,1460.7114563304608
2018,1,2018Q1,rajasthan,9272437,10593171156.518475,1142.4365737419919
2018,1,2018Q1,sikkim,52422,76553394.47007194,1460.3295271083123
2018,1,2018Q1,tamil nadu,4923891,8755842361.469446,1778.2364316085482
2018,1,2018Q1,telangana,9340974,14059023660.623735,1505.0918309614967
2018,1,2018Q1,tripura,184069,166034070.60133272,902.020821546989
2018,1,2018Q1,uttar pradesh,14786466,15841767520.712673,1071.369421247286
2018,1,2018Q1,uttarakhand,1451113,1711189177.2167993,1179.2253099633174
2018,1,2018Q1,west bengal,10151521,7623652076.70104,750.9861898232826
2018,2,2018Q2,andaman & nicobar islands,15062,35517275.86434877,2358.0716946188268
2018,2,2018Q2,andhra pradesh,14697368,26355488600.117676,1793.2114512011726
2018,2,2018Q2,arunachal pradesh,100858,239594007.44920862,2375.5577886653377
2018,2,2018Q2,assam,1996901,2752709124.016653,1378.4905330893484
2018,2,2018Q2,bihar,10434579,15988264138.119148,1532.2385443743487
2018,2,2018Q2,chandigarh,319560,664062457.5527933,2078.0525020427876
2018,2,2018Q2,chhattisgarh,3380470,5020388075.196792,1485.11540560833
2018,2,2018Q2,dadra & nagar haveli & daman & diu,233330,339720413.4266238,1455.965428477366
2018,2,2018Q2,delhi,6889986,13364589444.285055,1939.7121335638499
2018,2,2018Q2,goa,257510,535602446.42051774,2079.9287267310697
2018,2,2018Q2,gujarat,8576111,13039616415.945614,1520.4579810062642
2018,2,2018Q2,haryana,6867153,12521529537.944519,1823.3945767546636
2018,2,2018Q2,himachal pradesh,752625,1221455463.8391795,1622.9270404772358
2018,2,2018Q2,jammu & kashmir,1086777,1213266618.9379668,1116.3896723412133
2018,2,2018Q2,jharkhand,3756004,5562125948.332726,1480.862626432966
2018,2,2018Q2,karnataka,16008698,30747418632.821686,1920.6695405723617
2018,2,2018Q2,kerala,2318135,3784132744.6722517,1632.4039560561623
2018,2,2018Q2,ladakh,18412,56386931.460005626,3062.5098555293084
2018,2,2018Q2,lakshadweep,2875,8629831.452342758,3001.6805051626984
2018,2,2018Q2,madhya pradesh,11249274,16791412396.439934,1492.6663175276851
2018,2,2018Q2,maharashtra,21707384,34569981679.03545,1592.5448077500014
2018,2,2018Q2,manipur,184930,296675858.0878379,1604.2603043737515
2018,2,2018Q2,meghalaya,79675,131316474.46133497,1648.151546424035
2018,2,2018Q2,mizoram,31560,94300176.91130026,2987.9650478865733
2018,2,2018Q2,nagaland,82859,188284254.35889083,2272.3452414208573
2018,2,2018Q2,odisha,9547287,9915788853.374897,1038.5975464417165
2018,2,2018Q2,puducherry,128321,287317471.5783924,2239.052622551199
2018,2,2018Q2,punjab,2932771,5247370432.120748,1789.2192851473053
2018,2,2018Q2,rajasthan,11883013,18090200568.257637,1522.3580558447286
2018,2,2018Q2,sikkim,87348,165371421.67374858,1893.2479469907564
2018,2,2018Q2,tamil nadu,7129251,15152943528.927313,2125.4607993079935
2018,2,2018Q2,telangana,11544276,24401325668.781406,2113.7164139857196
2018,2,2018Q2,tripura,262983,281717097.5101464,1071.236914591994
2018,2,2018Q2,uttar pradesh,20337966,28765798204.423042,1414.3891382463244
2018,2,2018Q2,uttarakhand,1963467,3023055876.683943,1539.6519914436774
2018,2,2018Q2,west bengal,16783697,14426440347.675003,859.5508097932775
2018,3,2018Q3,andaman & nicobar islands,21154,67343424.71247172,3183.484197431773
2018,3,2018Q3,andhra pradesh,29262730,40288693498.011696,1376.7920319810112
2018,3,2018Q3,arunachal pradesh,160327,390349037.86985934,2434.705557204085
2018,3,2018Q3,assam,2726534,4337172377.059211,1590.7274132870564
2018,3,2018Q3,bihar,16507213,23175783209.3531,1403.9791701575002
2018,3,2018Q3,chandigarh,417919,971597704.0881219,2324.8469298790483
2018,3,2018Q3,chhattisgarh,4512546,7219788715.082321,1599.9368682518298
2018,3,2018Q3,dadra & nagar haveli & daman & diu,327117,494728286.08063436,1512.3894083176183
2018,3,2018Q3,delhi,12574966,19957898704.19008,1587.1135320914648
2018,3,2018Q3,goa,376513,784750606.0741248,2084.258992582261
2018,3,2018Q3,gujarat,12242103,18865469253.16249,1541.0317372074464
2018,3,2018Q3,haryana,9035319,17864845143.183334,1977.2235095610165
2018,3,2018Q3,himachal pradesh,983069,1754538049.2417238,1784.7557488250811
2018,3,2018Q3,jammu & kashmir,1277209,2141341083.7828207,1676.5784486194668
2018,3,2018Q3,jharkhand,9200318,9973432389.379925,1084.0312681996345
2018,3,2018Q3,karnataka,23401492,43888971406.79382,1875.4774869394578
2018,3,2018Q3,kerala,3089723,5223931290.203843,1690.7442156477598
2018,3,2018Q3,ladakh,30349,97489777.85152242,3212.2896257379953
2018,3,2018Q3,lakshadweep,2676,7647500.449565986,2857.810332423762
2018,3,2018Q3,madhya pradesh,18062698,25331787718.834587,1402.4365418075743
2018,3,2018Q3,maharashtra,30786153,50334957437.10378,1634.9869188626387
2018,3,2018Q3,manipur,219782,436231935.4022121,1984.839228882311
2018,3,2018Q3,meghalaya,123884,233167830.81494468,1882.1464500253842
2018,3,2018Q3,mizoram,45614,129714622.12975365,2843.745826495235
2018,3,2018Q3,nagaland,117956,289452939.43801266,2453.9060279935966
2018,3,2018Q3,odisha,33773146,26439174825.05436,782.8460761415107
2018,3,2018Q3,puducherry,186869,415949662.45048106,2225.889058380368
2018,3,2018Q3,punjab,3874407,7787076149.215161,2009.875614310825
2018,3,2018Q3,rajasthan,16464948,27314548840.20022,1658.9514185043413
2018,3,2018Q3,sikkim,124034,264307338.56030768,2130.9265085404622
2018,3,2018Q3,tamil nadu,10812101,22361948450.27646,2068.2334035056147
2018,3,2018Q3,telangana,19955785,33180363175.151356,1662.693959428374
2018,3,2018Q3,tripura,446745,527779192.51871157,1181.3880234109201
2018,3,2018Q3,uttar pradesh,29327534,40693763120.758385,1387.5617063732118
2018,3,2018Q3,uttarakhand,2523526,4119317467.9760265,1632.3657723265092
2018,3,2018Q3,west bengal,54031451,38668036734.002266,715.6579365970066
2018,4,2018Q4,andaman & nicobar islands,31139,107983057.52065912,3467.775378806613
2018,4,2018Q4,andhra pradesh,35722329,57943164106.786865,1622.0432913762947
2018,4,2018Q4,arunachal pradesh,222216,597276469.6237385,2687.8193722492465
2018,4,2018Q4,assam,4296227,6693717176.148428,1558.045507406482
2018,4,2018Q4,bihar,18324599,32563096733.8254,1777.0155152549532
2018,4,2018Q4,chandigarh,603259,1354040230.1718202,2244.5421123792935
2018,4,2018Q4,chhattisgarh,6353226,10755271064.359688,1692.8834365973582
2018,4,2018Q4,dadra & nagar haveli & daman & diu,460719,718948346.7433174,1560.4920716170102
2018,4,2018Q4,delhi,24850974,31024643827.81318,1248.4276804528135
2018,4,2018Q4,goa,579647,1267443769.8483543,2186.5786760707024
2018,4,2018Q4,gujarat,16308079,26472137603.705414,1623.252965827883
2018,4,2018Q4,haryana,14526062,27650255494.451317,1903.4928733232252
2018,4,2018Q4,himachal pradesh,1486465,2782592809.741012,1871.9531302391997
2018,4,2018Q4,jammu & kashmir,1268516,3101815416.7378845,2445.231606647362
2018,4,2018Q4,jharkhand,7195365,11735730521.996979,1631.0125368201584
2018,4,2018Q4,karnataka,42808188,67783584568.181816,1583.425688753325
2018,4,2018Q4,kerala,4444604,7775997131.858362,1749.5365463061191
2018,4,2018Q4,ladakh,44498,157126695.5508374,3531.0956795999236
2018,4,2018Q4,lakshadweep,3019,9506907.55399945,3149.0253574029316
2018,4,2018Q4,madhya pradesh,22807607,35619617648.65941,1561.7428715191124
2018,4,2018Q4,maharashtra,45715147,76570396171.72795,1674.9458592297199
2018,4,2018Q4,manipur,285294,690125762.2015524,2418.9985145202927
2018,4,2018Q4,meghalaya,182356,368078549.99460316,2018.4614161014892
2018,4,2018Q4,mizoram,66234,213839671.52367637,3228.5483516574022
2018,4,2018Q4,nagaland,173326,459578755.86046314,2651.528079229101
2018,4,2018Q4,odisha,23730246,26644806732.25345,1122.820502250733
2018,4,2018Q4,puducherry,317336,629583184.6702774,1983.9639519949749
2018,4,2018Q4,punjab,5490558,11861935853.584469,2160.424469349831
2018,4,2018Q4,rajasthan,24362909,42987736624.69517,1764.4747031109941
2018,4,2018Q4,sikkim,181845,431701308.0315608,2374.007028136934
2018,4,2018Q4,tamil nadu,17123273,33652624050.336956,1965.314928421509
2018,4,2018Q4,telangana,30393583,51158381363.15648,1683.1967906895504
2018,4,2018Q4,tripura,538364,726298399.8778081,1349.0842624651873
2018,4,2018Q4,uttar pradesh,40312896,60754036465.70648,1507.0620693116784
2018,4,2018Q4,uttarakhand,3625698,6268906600.516947,1729.0206190689205
2018,4,2018Q4,west bengal,33555072,33751269225.912643,1005.8470214551363
2019,1,2019Q1,andaman & nicobar islands,40726,126352730.02408026,3102.5077352079816
2019,1,2019Q1,andhra pradesh,67981444,98042197867.21909,1442.1905758168227
2019,1,2019Q1,arunachal pradesh,293223,762934389.2826967,2601.891356689948
2019,1,2019Q1,assam,4947555,8430938338.259106,1704.0615694538224
2019,1,2019Q1,bihar,28578223,44383537984.84218,1553.0545053428332
2019,1,2019Q1,chandigarh,876820,1678862941.0300002,1914.7178908213775
2019,1,2019Q1,chhattisgarh,8806110,13924157587.499626,1581.1927840442177
2019,1,2019Q1,dadra & nagar haveli & daman & diu,765460,972578611.6164718,1270.5805811100147
2019,1,2019Q1,delhi,36894345,44300658315.162735,1200.743862376815
2019,1,2019Q1,goa,869079,1729283766.1123345,1989.788921504644
2019,1,2019Q1,gujarat,26455226,36847763352.85492,1392.8349488624638
2019,1,2019Q1,haryana,25636840,38591994904.580345,1505.3335319243847
2019,1,2019Q1,himachal pradesh,2315161,3423445243.3702383,1478.7072015165418
2019,1,2019Q1,jammu & kashmir,1828165,3498272585.7855463,1913.543135212383
2019,1,2019Q1,jharkhand,10723720,15422660565.0615,1438.181952257379
2019,1,2019Q1,karnataka,84657050,114709621136.2433,1354.991948529311
2019,1,2019Q1,kerala,6612793,10360769392.460655,1566.7766089851377
2019,1,2019Q1,ladakh,60270,187343278.23590055,3108.400169834089
2019,1,2019Q1,lakshadweep,4622,15684901.402080331,3393.5312423367222
2019,1,2019Q1,madhya pradesh,38928866,49298676966.62583,1266.3784495193318
2019,1,2019Q1,maharashtra,73874732,107583453017.91046,1456.2956792575635
2019,1,2019Q1,manipur,322920,790454446.3704455,2447.8336627351837
2019,1,2019Q1,meghalaya,233798,446378841.01343787,1909.2500406908437
2019,1,2019Q1,mizoram,85219,256961523.2200399,3015.3078916678196
2019,1,2019Q1,nagaland,214053,552573719.187345,2581.4808444046334
2019,1,2019Q1,odisha,37193760,38343233060.509186,1030.9049975186479
2019,1,2019Q1,puducherry,497729,890540067.5128368,1789.2067119111741
2019,1,2019Q1,punjab,7829874,14541052478.294441,1857.1247095795463
2019,1,2019Q1,rajasthan,48143566,65499410518.32512,1360.501848124942
2019,1,2019Q1,sikkim,233031,479741568.5013781,2058.702784184843
2019,1,2019Q1,tamil nadu,25178515,46065559235.41664,1829.5582259484581
2019,1,2019Q1,telangana,64813405,93511348877.08844,1442.7779080128323
2019,1,2019Q1,tripura,722617,930951274.7847986,1288.305249924647
2019,1,2019Q1,uttar pradesh,64046373,84430169656.88228,1318.266214027175
2019,1,2019Q1,uttarakhand,6519708,8342691139.590234,1279.6111635045977
2019,1,2019Q1,west bengal,43101342,42921381534.937065,995.8247131826444
2019,2,2019Q2,andaman & nicobar islands,46764,163354796.04235423,3493.1741519620696
2019,2,2019Q2,andhra pradesh,73241659,144859083315.21857,1977.8236224171078
2019,2,2019Q2,arunachal pradesh,387295,1070406251.3836615,2763.8008530542907
2019,2,2019Q2,assam,5585407,10669441203.404137,1910.235226081848
2019,2,2019Q2,bihar,29212818,61070184415.5835,2090.5269876936727
2019,2,2019Q2,chandigarh,1081281,2214484682.804943,2048.019601569752
2019,2,2019Q2,chhattisgarh,10141906,18246258174.340855,1799.09557181272
2019,2,2019Q2,dadra & nagar haveli & daman & diu,660479,1087297036.7210982,1646.2249923481263
2019,2,2019Q2,delhi,43013774,58968863487.081665,1370.9297744271792
2019,2,2019Q2,goa,1066466,2165028896.673666,2030.0965025361015
2019,2,2019Q2,gujarat,27791578,46130544795.746445,1659.874973481047
2019,2,2019Q2,haryana,28298601,51094727148.558624,1805.5566474313916
2019,2,2019Q2,himachal pradesh,2594858,4771816578.540387,1838.950947813093
2019,2,2019Q2,jammu & kashmir,2119162,5403213176.7618475,2549.6933112059614
2019,2,2019Q2,jharkhand,11813006,21079454312.56851,1784.427631084629
2019,2,2019Q2,karnataka,119618345,168764960519.15936,1410.8618583475584
2019,2,2019Q2,kerala,7662538,13417623455.490543,1751.0677866120263
2019,2,2019Q2,ladakh,103394,370592586.9056551,3584.275556663395
2019,2,2019Q2,lakshadweep,5608,16590874.568089645,2958.429844523831
2019,2,2019Q2,madhya pradesh,41244464,67755802214.78655,1642.7853739301001
2019,2,2019Q2,maharashtra,99331337,147421594256.61255,1484.1398365212033
2019,2,2019Q2,manipur,367371,985994013.9163172,2683.9190189653436
2019,2,2019Q2,meghalaya,280284,589604772.2250164,2103.5976802993264
2019,2,2019Q2,mizoram,100958,321899390.5114357,3188.4485678345022
2019,2,2019Q2,nagaland,269720,724857602.930112,2687.444768389856
2019,2,2019Q2,odisha,30088286,44732976144.56491,1486.7239743920577
2019,2,2019Q2,puducherry,579081,1156468427.4018884,1997.0754132874129
2019,2,2019Q2,punjab,8907341,18919188553.255802,2123.9995811607305
2019,2,2019Q2,rajasthan,50086588,86638751323.82938,1729.7794635927162
2019,2,2019Q2,sikkim,298432,708397197.301439,2373.730690078273
2019,2,2019Q2,tamil nadu,30904172,60589725794.408585,1960.567841597846
2019,2,2019Q2,telangana,81454985,137682802492.51328,1690.293141574003
2019,2,2019Q2,tripura,787181,1193045264.9864974,1515.5920493336316
2019,2,2019Q2,uttar pradesh,67580108,110293020020.75023,1632.0337934462939
2019,2,2019Q2,uttarakhand,6345096,10996460352.932467,1733.0644568549421
2019,2,2019Q2,west bengal,44580900,54718845209.54506,1227.4055752473607
2019,3,2019Q3,andaman & nicobar islands,40623,151428296.95221972,3727.649286173343
2019,3,2019Q3,andhra pradesh,93033155,177040315932.09756,1902.980888180107
2019,3,2019Q3,arunachal pradesh,456122,1290611112.9316866,2829.5305048467003
2019,3,2019Q3,assam,6054473,12546298666.063118,2072.2362897750336
2019,3,2019Q3,bihar,29692696,64038814257.19348,2156.719425450403
2019,3,2019Q3,chandigarh,1428205,2696336857.265588,1887.9200515791415
2019,3,2019Q3,chhattisgarh,12460140,21416627955.839325,1718.8111815629138
2019,3,2019Q3,dadra & nagar haveli & daman & diu,754087,1278812027.1439939,1695.841497259592
2019,3,2019Q3,delhi,55742193,76468995159.52313,1371.8332746528852
2019,3,2019Q3,goa,1351959,2683370624.34643,1984.8017760497396
2019,3,2019Q3,gujarat,36868399,55866174464.90448,1515.286152374137
2019,3,2019Q3,haryana,36134187,62880149756.33475,1740.184434102108
2019,3,2019Q3,himachal pradesh,2800215,5428453807.341392,1938.5846470151012
2019,3,2019Q3,jammu & kashmir,947784,3026506976.758377,3193.2454828931245
2019,3,2019Q3,jharkhand,15944483,23997376549.448486,1505.0583044585696
2019,3,2019Q3,karnataka,179767497,222928023150.4122,1240.0908221490797
2019,3,2019Q3,kerala,9633567,17115421520.797838,1776.6442607185727
2019,3,2019Q3,ladakh,121018,472038870.3422937,3900.5674390776057
2019,3,2019Q3,lakshadweep,5310,16856067.000797197,3174.4005651218827
2019,3,2019Q3,madhya pradesh,54896351,79071968085.57455,1440.3865948316775
2019,3,2019Q3,maharashtra,148759948,194352348539.17316,1306.4830362751482
2019,3,2019Q3,manipur,412093,1155501039.9430437,2803.9812371067787
2019,3,2019Q3,meghalaya,326183,724948653.2435663,2222.5212633508377
2019,3,2019Q3,mizoram,114147,356730288.3142443,3125.183213875479
2019,3,2019Q3,nagaland,318274,885863908.279764,2783.3373391472883
2019,3,2019Q3,odisha,40800846,56988076003.73456,1396.7376069538989
2019,3,2019Q3,puducherry,765031,1462124362.8365593,1911.1962297430553
2019,3,2019Q3,punjab,11034661,23019351919.045273,2086.0950707090387
2019,3,2019Q3,rajasthan,65929301,108541401685.51715,1646.3302361649057
2019,3,2019Q3,sikkim,333701,791314969.2661016,2371.32933154561
2019,3,2019Q3,tamil nadu,40615165,75113047933.86618,1849.3842862356014
2019,3,2019Q3,telangana,114112049,178114733596.80167,1560.8757809335425
2019,3,2019Q3,tripura,880275,1426665779.1088414,1620.7046424229263
2019,3,2019Q3,uttar pradesh,76672707,123828842522.57431,1615.0315720895874
2019,3,2019Q3,uttarakhand,6691016,12093509975.50256,1807.4250570470253
2019,3,2019Q3,west bengal,60043951,66423789032.74228,1106.2528019307438
2019,4,2019Q4,andaman & nicobar islands,41665,170840663.89588845,4100.339947099207
2019,4,2019Q4,andhra pradesh,130762980,254283893858.3307,1944.6168468960457
2019,4,2019Q4,arunachal pradesh,570808,1664821348.2619624,2916.604792262832
2019,4,2019Q4,assam,6891858,14599084294.48947,2118.3089225705853
2019,4,2019Q4,bihar,40967886,89108176121.19955,2175.073815651595
2019,4,2019Q4,chandigarh,1663318,3246646185.7316084,1951.909487982219
2019,4,2019Q4,chhattisgarh,16357293,28463127103.098198,1740.0878680291537
2019,4,2019Q4,dadra & nagar haveli & daman & diu,916877,1615369595.516838,1761.8171199810204
2019,4,2019Q4,delhi,62548835,93652030961.80515,1497.2625942882094
2019,4,2019Q4,goa,1901461,3915138021.176736,2059.0156838224584
2019,4,2019Q4,gujarat,41410517,73077071811.67056,1764.698369056116
2019,4,2019Q4,haryana,44740993,82429204420.11588,1842.3642144043579
2019,4,2019Q4,himachal pradesh,3593015,6985396691.332533,1944.1601806094695
2019,4,2019Q4,jammu & kashmir,272081,1153430776.5641694,4239.2918894159075
2019,4,2019Q4,jharkhand,20545968,31768782167.634148,1546.2295165471953
2019,4,2019Q4,karnataka,246189422,306446917780.66754,1244.7607021095632
2019,4,2019Q4,kerala,12974136,22014232923.56272,1696.7783383465937
2019,4,2019Q4,ladakh,113210,464502753.7020103,4103.018758961313
2019,4,2019Q4,lakshadweep,6097,19723480.776782963,3234.9484626509698
2019,4,2019Q4,madhya pradesh,71003068,108819575634.9737,1532.6038536105748
2019,4,2019Q4,maharashtra,196478271,260156648249.87997,1324.0988274468273
2019,4,2019Q4,manipur,511743,1456426016.7193756,2846.0106278334547
2019,4,2019Q4,meghalaya,373215,841717696.7390778,2255.3158279787194
2019,4,2019Q4,mizoram,144316,463491574.6950983,3211.6437172253823
2019,4,2019Q4,nagaland,387002,1129891007.1426184,2919.599917164817
2019,4,2019Q4,odisha,65679564,80400377264.45883,1224.1308006316672
2019,4,2019Q4,puducherry,1092326,1963177051.3888311,1797.2446425232313
2019,4,2019Q4,punjab,13980727,29882043953.982292,2137.3741118027906
2019,4,2019Q4,rajasthan,83291120,153381418752.1703,1841.5098602608573
2019,4,2019Q4,sikkim,409087,1004355162.7638068,2455.1138578439472
2019,4,2019Q4,tamil nadu,54273375,95902389590.0488,1767.0246154776407
2019,4,2019Q4,telangana,152510054,249883165634.61353,1638.470114466116
2019,4,2019Q4,tripura,1017662,1684739442.0514455,1655.5000010331971
2019,4,2019Q4,uttar pradesh,97385189,162877433939.99805,1672.5072427594514
2019,4,2019Q4,uttarakhand,8590151,15233913544.563915,1773.4162699309843
2019,4,2019Q4,west bengal,90948911,82930838430.99612,911.8398177521458
2020,1,2020Q1,andaman & nicobar islands,49104,181027348.6617951,3686.61104312877
2020,1,2020Q1,andhra pradesh,159186574,328528062231.59393,2063.792529586031
2020,1,2020Q1,arunachal pradesh,696142,1928569155.032096,2770.36747536005
2020,1,2020Q1,assam,8674891,18864649389.34545,2174.626677078185
2020,1,2020Q1,bihar,44056833,106616037981.9359,2419.9660012315435
2020,1,2020Q1,chandigarh,1776530,3334833902.532528,1877.161602974635
2020,1,2020Q1,chhattisgarh,19093394,32590895619.612717,1706.9199755482298
2020,1,2020Q1,dadra & nagar haveli & daman & diu,1059367,1783068099.6136131,1683.1448399030867
2020,1,2020Q1,delhi,64918068,101297919304.47128,1560.3963954144674
2020,1,2020Q1,goa,2308644,4491991521.593598,1945.7272414428548
2020,1,2020Q1,gujarat,47012185,84177281289.14142,1790.5417773954011
2020,1,2020Q1,haryana,51339201,94252119542.41226,1835.870401302355
2020,1,2020Q1,himachal pradesh,4235511,7195985019.600036,1698.965017349745
2020,1,2020Q1,jammu & kashmir,852425,2717731573.0984516,3188.235414374815
2020,1,2020Q1,jharkhand,20690673,38005984652.31631,1836.8655602607178
2020,1,2020Q1,karnataka,278198437,365544124508.5454,1313.9690087782392
2020,1,2020Q1,kerala,15435048,25568200637.84075,1656.5028264143236
2020,1,2020Q1,ladakh,149508,528768954.05518544,3536.726824351777
2020,1,2020Q1,lakshadweep,8729,26322589.50098286,3015.533222703959
2020,1,2020Q1,madhya pradesh,80393376,128103419316.96422,1593.4573927703225
2020,1,2020Q1,maharashtra,233758463,308295755638.30304,1318.8645736360058
2020,1,2020Q1,manipur,606999,1627281632.673866,2680.8637784804687
2020,1,2020Q1,meghalaya,440231,985286898.5929303,2238.1133963599345
2020,1,2020Q1,mizoram,179537,512023794.8715464,2851.9123906021955
2020,1,2020Q1,nagaland,457785,1216640719.3733199,2657.6683800764986
2020,1,2020Q1,odisha,54421577,92843181623.98956,1705.999471937198
2020,1,2020Q1,puducherry,1319437,2300219163.043279,1743.3338333268503
2020,1,2020Q1,punjab,15697948,31954421122.46702,2035.5794988279372
2020,1,2020Q1,rajasthan,99812994,183459625889.9085,1838.0334918107808
2020,1,2020Q1,sikkim,459577,1060247749.2178302,2307.0078555232967
2020,1,2020Q1,tamil nadu,65118379,110698166875.72932,1699.9527410798928
2020,1,2020Q1,telangana,177329550,318131593325.3983,1794.0134248657278
2020,1,2020Q1,tripura,1129990,2057977801.9370825,1821.2354108771603
2020,1,2020Q1,uttar pradesh,108112889,190863464183.66577,1765.408971576606
2020,1,2020Q1,uttarakhand,9726841,16698596159.683369,1716.7543048851492
2020,1,2020Q1,west bengal,63993554,91566525988.34715,1430.8710841149275
2020,2,2020Q2,andaman & nicobar islands,78685,197252557.32084328,2506.8635358815945
2020,2,2020Q2,andhra pradesh,176284886,380612306331.30676,2159.0750912775743
2020,2,2020Q2,arunachal pradesh,972129,2479742352.6607533,2550.836722966554
2020,2,2020Q2,assam,11026960,19908371407.600346,1805.4270086769468
2020,2,2020Q2,bihar,53954783,130329505836.33133,2415.53201754757
2020,2,2020Q2,chandigarh,1098495,2233114743.327046,2032.8856693267114
2020,2,2020Q2,chhattisgarh,21009112,37624391296.12829,1790.8606178180348
2020,2,2020Q2,dadra & nagar haveli & daman & diu,1128692,1665874471.905149,1475.9336221973301
2020,2,2020Q2,delhi,52441310,81000333616.01228,1544.5902021900727
2020,2,2020Q2,goa,1740286,2715145069.5507383,1560.1717588664958
2020,2,2020Q2,gujarat,44779825,70966369720.57262,1584.7844363074803
2020,2,2020Q2,haryana,46499694,89232924843.01035,1919.0002592922515
2020,2,2020Q2,himachal pradesh,4848448,7841832501.0697975,1617.3902455115117
2020,2,2020Q2,jammu & kashmir,2478234,7385817104.091432,2980.2743018179203
2020,2,2020Q2,jharkhand,22126359,41175811278.05409,1860.9393112555977
2020,2,2020Q2,karnataka,212551929,323323995220.1348,1521.1529565564886
2020,2,2020Q2,kerala,15681152,22928754785.609818,1462.185608915073
2020,2,2020Q2,ladakh,196402,704881827.1637564,3588.97479233285
2020,2,2020Q2,lakshadweep,11502,30917214.412092242,2687.985951320835
2020,2,2020Q2,madhya pradesh,75708003,145115611014.9742,1916.7803305414648
2020,2,2020Q2,maharashtra,180429884,281354616792.98035,1559.357078525752
2020,2,2020Q2,manipur,879294,2154620599.909894,2450.3983876950074
2020,2,2020Q2,meghalaya,628610,1103805615.6365817,1755.946637241822
2020,2,2020Q2,mizoram,227158,577686076.9074495,2543.1024965330275
2020,2,2020Q2,nagaland,613591,1494171970.2284145,2435.126933459608
2020,2,2020Q2,odisha,50392152,90886955389.31903,1803.593452197061
2020,2,2020Q2,puducherry,1040762,1827425177.4942698,1755.8530936893064
2020,2,2020Q2,punjab,14203459,29836650185.539894,2100.6608450476674
2020,2,2020Q2,rajasthan,98305260,184398456319.7787,1875.774056441931
2020,2,2020Q2,sikkim,547369,1206404024.7125049,2204.0050216809955
2020,2,2020Q2,tamil nadu,50385378,87932439310.76688,1745.1975712232797
2020,2,2020Q2,telangana,138326729,285827211219.7179,2066.3194545698966
2020,2,2020Q2,tripura,1253367,2215013181.2374315,1767.2502796367157
2020,2,2020Q2,uttar pradesh,110306561,195404454299.56982,1771.467195859454
2020,2,2020Q2,uttarakhand,9154035,15661272266.921104,1710.8599941906607
2020,2,2020Q2,west bengal,58763095,99278377224.57706,1689.468147050067
2020,3,2020Q3,andaman & nicobar islands,143989,392083841.7156626,2723.0124642553433
2020,3,2020Q3,andhra pradesh,251377109,585395478652.1339,2328.7541215701303
2020,3,2020Q3,arunachal pradesh,1160082,3346055621.9050674,2884.32681647079
2020,3,2020Q3,assam,11961802,26368491655.51855,2204.391249371838
2020,3,2020Q3,bihar,72779613,175427345182.79007,2410.391288873576
2020,3,2020Q3,chandigarh,1787111,3631987949.8054485,2032.3236496252603
2020,3,2020Q3,chhattisgarh,28282693,50717527358.68874,1793.235437611572
2020,3,2020Q3,dadra & nagar haveli & daman & diu,1381590,2246553945.8118267,1626.0641332173993
2020,3,2020Q3,delhi,73862510,129779470523.62761,1757.0411636922115
2020,3,2020Q3,goa,2133105,3765761100.712038,1765.3894678002434
2020,3,2020Q3,gujarat,58773255,107948689525.47961,1836.697482987451
2020,3,2020Q3,haryana,67366856,128348575809.31851,1905.218432775288
2020,3,2020Q3,himachal pradesh,5877958,10905705832.23328,1855.3562023126535
2020,3,2020Q3,jammu & kashmir,3263787,10448451928.001057,3201.327760666078
2020,3,2020Q3,jharkhand,31367125,59164756770.200226,1886.2027288187944
2020,3,2020Q3,karnataka,300996207,475946166041.82654,1581.2364241580842
2020,3,2020Q3,kerala,22302087,39547903350.2505,1773.282623740572
2020,3,2020Q3,ladakh,291625,1137269183.6259084,3899.765738965824
2020,3,2020Q3,lakshadweep,13906,37809773.97093214,2718.953974610394
2020,3,2020Q3,madhya pradesh,105895534,198051918982.3343,1870.2575217415144
2020,3,2020Q3,maharashtra,259184002,417445438172.2079,1610.614215966184
2020,3,2020Q3,manipur,1043328,2794156258.2445955,2678.118729914845
2020,3,2020Q3,meghalaya,692059,1513957555.3695621,2187.6134193321122
2020,3,2020Q3,mizoram,282613,817121389.324712,2891.3085715261223
2020,3,2020Q3,nagaland,767214,2071980086.1068025,2700.6546884008926
2020,3,2020Q3,odisha,69038595,127503888471.30423,1846.8494104102817
2020,3,2020Q3,puducherry,1545591,2884349251.874382,1866.1788609498774
2020,3,2020Q3,punjab,17887958,41042955723.14191,2294.4461141479596
2020,3,2020Q3,rajasthan,143008603,280234259657.3222,1959.5622485545307
2020,3,2020Q3,sikkim,639577,1543361489.5177724,2413.0972338245
2020,3,2020Q3,tamil nadu,70529798,138538123385.73276,1964.2495415304147
2020,3,2020Q3,telangana,207472326,428781682179.9675,2066.693377602406
2020,3,2020Q3,tripura,1676998,3165287940.7535105,1887.4726986874823
2020,3,2020Q3,uttar pradesh,141565257,273741446015.2779,1933.676749622811
2020,3,2020Q3,uttarakhand,12900421,23631778724.122528,1831.8610473350077
2020,3,2020Q3,west bengal,78767654,147424950291.97803,1871.6432800192072
2020,4,2020Q4,andaman & nicobar islands,272005,732159322.5032427,2691.712735071939
2020,4,2020Q4,andhra pradesh,326093276,760638671029.0725,2332.5800530430824
2020,4,2020Q4,arunachal pradesh,1393785,4195981781.202884,3010.494288002012
2020,4,2020Q4,assam,14784484,36013810212.345345,2435.9193200347977
2020,4,2020Q4,bihar,97696608,239429081339.50946,2450.7409851886514
2020,4,2020Q4,chandigarh,2610842,4860838678.860598,1861.7896750782306
2020,4,2020Q4,chhattisgarh,39804658,71088111288.6268,1785.924433482805
2020,4,2020Q4,dadra & nagar haveli & daman & diu,2074476,3117756826.203451,1502.9129410045964
2020,4,2020Q4,delhi,101260942,177739597368.565,1755.263123747802
2020,4,2020Q4,goa,4146283,7565195670.719751,1824.572917651726
2020,4,2020Q4,gujarat,77350802,145043226247.8315,1875.1353896476926
2020,4,2020Q4,haryana,91338622,176138927815.97955,1928.416741561741
2020,4,2020Q4,himachal pradesh,7648490,14312857828.542429,1871.331181519807
2020,4,2020Q4,jammu & kashmir,5697218,13861828201.924194,2433.0872018455666
2020,4,2020Q4,jharkhand,43790272,80715425964.23326,1843.2273260196525
2020,4,2020Q4,karnataka,428937584,656829679389.3723,1531.2943045563766
2020,4,2020Q4,kerala,34407413,57569923779.03198,1673.1837345351125
2020,4,2020Q4,ladakh,400254,1364250617.5120263,3408.462170301924
2020,4,2020Q4,lakshadweep,17672,47628614.570741504,2695.1456864385186
2020,4,2020Q4,madhya pradesh,147699496,269845055092.3077,1826.9869728757078
2020,4,2020Q4,maharashtra,397059155,598117839589.4216,1506.3695977225902
2020,4,2020Q4,manipur,1186202,3644196614.1382523,3072.1551760477996
2020,4,2020Q4,meghalaya,836361,2026601308.7769709,2423.1178985832325
2020,4,2020Q4,mizoram,352855,1096221440.2761316,3106.7193047459486
2020,4,2020Q4,nagaland,851689,2766834171.7933636,3248.643779352984
2020,4,2020Q4,odisha,94873191,182755800341.008,1926.316574942736
2020,4,2020Q4,puducherry,2534435,4357050361.95191,1719.1407007683804
2020,4,2020Q4,punjab,23593701,54527944550.72394,2311.1229794225137
2020,4,2020Q4,rajasthan,184672061,370817106324.81665,2007.9762164175806
2020,4,2020Q4,sikkim,778335,2085958059.255025,2680.0260289657085
2020,4,2020Q4,tamil nadu,112119794,204191947116.8283,1821.1944548955228
2020,4,2020Q4,telangana,321839483,640618169487.1467,1990.489679872953
2020,4,2020Q4,tripura,1967767,3877627429.5468283,1970.5724455928107
2020,4,2020Q4,uttar pradesh,191598396,380442192615.8421,1985.6230561337377
2020,4,2020Q4,uttarakhand,18918942,33134968485.444317,1751.417626072553
2020,4,2020Q4,west bengal,101265149,194248152966.42114,1918.2132736152014
2021,1,2021Q1,andaman & nicobar islands,316270,962447873.368161,3043.1209832363515
2021,1,2021Q1,andhra pradesh,360571899,827396576580.57,2294.67847848168
2021,1,2021Q1,arunachal pradesh,1511740,4824985661.331147,3191.6769162231253
2021,1,2021Q1,assam,17317732,44333318961.29296,2559.9956715632834
2021,1,2021Q1,bihar,111690707,277382314169.3477,2483.4860627155645
2021,1,2021Q1,chandigarh,3291014,5639239470.444478,1713.526429983123
2021,1,2021Q1,chhattisgarh,48630460,85037921799.0683,1748.6555093056554
2021,1,2021Q1,dadra & nagar haveli & daman & diu,2468208,3719731952.6275053,1507.057732827827
2021,1,2021Q1,delhi,120153276,205668430518.44977,1711.717211259806
2021,1,2021Q1,goa,6169621,11178477599.490131,1811.8580702915351
2021,1,2021Q1,gujarat,92994867,178693454967.36502,1921.541056318356
2021,1,2021Q1,haryana,105784676,194682830151.4549,1840.3689221627421
2021,1,2021Q1,himachal pradesh,8416756,15284058641.692795,1815.9084856080888
2021,1,2021Q1,jammu & kashmir,6819001,14689457308.71754,2154.194919273005
2021,1,2021Q1,jharkhand,52349920,96054296641.15721,1834.8508773491385
2021,1,2021Q1,karnataka,521967299,752831794629.573,1442.2968566649097
2021,1,2021Q1,kerala,43831729,71423214754.64795,1629.4865930259778
2021,1,2021Q1,ladakh,400146,1350829015.2245107,3375.840356331216
2021,1,2021Q1,lakshadweep,16065,49159946.33657811,3060.065131439658
2021,1,2021Q1,madhya pradesh,187447068,319696045419.14996,1705.527052677879
2021,1,2021Q1,maharashtra,488141386,712800108227.8447,1460.232892909934
2021,1,2021Q1,manipur,1151135,3880846919.5235186,3371.322146858117
2021,1,2021Q1,meghalaya,895045,2367708528.6778736,2645.3513830900943
2021,1,2021Q1,mizoram,384386,1265644701.42484,3292.639954173253
2021,1,2021Q1,nagaland,877753,2906783684.0056076,3311.6191958393847
2021,1,2021Q1,odisha,115094652,220742131430.68103,1917.918231601943
2021,1,2021Q1,puducherry,3128221,5316493350.2404785,1699.5261364975424
2021,1,2021Q1,punjab,27470162,59753193346.677505,2175.2035298036285
2021,1,2021Q1,rajasthan,240954777,468471366342.2837,1944.2294200387805
2021,1,2021Q1,sikkim,879693,2440814120.1876507,2774.6203734571613
2021,1,2021Q1,tamil nadu,135702280,245293582891.245,1807.5863050439905
2021,1,2021Q1,telangana,392460349,745675476381.9314,1900.0020722652198
2021,1,2021Q1,tripura,2012544,4367162381.678455,2169.971131899951
2021,1,2021Q1,uttar pradesh,227417493,433880828404.01526,1907.8603966670905
2021,1,2021Q1,uttarakhand,21980872,37055782980.02542,1685.819515259696
2021,1,2021Q1,west bengal,115001959,231129225939.18713,2009.7851197403265
2021,2,2021Q2,andaman & nicobar islands,457972,1105731027.1761088,2414.407490362094
2021,2,2021Q2,andhra pradesh,450715706,1067722803488.4009,2368.949626726345
2021,2,2021Q2,arunachal pradesh,2126788,5874285594.840509,2762.0456739649226
2021,2,2021Q2,assam,22621193,51853860554.972015,2292.269048540986
2021,2,2021Q2,bihar,152928387,374306226227.0451,2447.591539869214
2021,2,2021Q2,chandigarh,3336924,5688419002.539844,1704.6894093302226
2021,2,2021Q2,chhattisgarh,57474912,98787017765.85956,1718.785019903285
2021,2,2021Q2,dadra & nagar haveli & daman & diu,2814882,4058213192.3616095,1441.6992230443796
2021,2,2021Q2,delhi,121471283,202501475643.4478,1667.0728310612133
2021,2,2021Q2,goa,5343431,8784725625.06963,1644.0234046382614
2021,2,2021Q2,gujarat,108741359,203060508004.0047,1867.3714387182222
2021,2,2021Q2,haryana,124382433,232312577411.7166,1867.7281976926486
2021,2,2021Q2,himachal pradesh,10673405,18003833831.481735,1686.7938424037816
2021,2,2021Q2,jammu & kashmir,9759120,19030309332.015205,1950.0025957274022
2021,2,2021Q2,jharkhand,65088355,122250011704.13626,1878.2163369182745
2021,2,2021Q2,karnataka,527810680,831158630288.7233,1574.7287081965133
2021,2,2021Q2,kerala,49530478,76654377740.94525,1547.620391245674
2021,2,2021Q2,ladakh,650578,2108362311.0630236,3240.752547831349
2021,2,2021Q2,lakshadweep,20788,49741657.90632099,2392.8063260689337
2021,2,2021Q2,madhya pradesh,203308974,393063852579.44696,1933.3325275619509
2021,2,2021Q2,maharashtra,533231187,829232878614.5254,1555.1094887751294
2021,2,2021Q2,manipur,1435977,4129039191.3406844,2875.4215362367813
2021,2,2021Q2,meghalaya,1126432,2534515849.849267,2250.038928092656
2021,2,2021Q2,mizoram,469489,1293398978.7225688,2754.907950394085
2021,2,2021Q2,nagaland,1107351,3195473116.112031,2885.6912723355385
2021,2,2021Q2,odisha,138225698,259055016593.60217,1874.1451144171626
2021,2,2021Q2,puducherry,3236303,5392106422.861448,1666.1315157639592
2021,2,2021Q2,punjab,32681997,70282984186.27884,2150.5106981767008
2021,2,2021Q2,rajasthan,274437184,536307861093.09106,1954.20989705641
2021,2,2021Q2,sikkim,1064819,2607900949.033514,2449.1495259133376
2021,2,2021Q2,tamil nadu,142941858,255693504471.958,1788.7937658677838
2021,2,2021Q2,telangana,461066776,943090363047.5881,2045.4528761091824
2021,2,2021Q2,tripura,2428946,4660359423.354675,1918.6755997682433
2021,2,2021Q2,uttar pradesh,273728175,536955159535.7084,1961.636428313265
2021,2,2021Q2,uttarakhand,25376378,41298099649.73271,1627.4229383615232
2021,2,2021Q2,west bengal,138748743,266671675321.52402,1921.97543239382
2021,3,2021Q3,andaman & nicobar islands,587428,1530805193.8545938,2605.9452287847935
2021,3,2021Q3,andhra pradesh,552469257,1229581784431.981,2225.611233299776
2021,3,2021Q3,arunachal pradesh,2552879,7358989851.156297,2882.6238341716535
2021,3,2021Q3,assam,28693230,64005741457.90784,2230.691402045285
2021,3,2021Q3,bihar,184812122,398169200251.47766,2154.453917538362
2021,3,2021Q3,chandigarh,4795459,7498822383.4005165,1563.7340207476525
2021,3,2021Q3,chhattisgarh,80717872,128856725337.29623,1596.384073867758
2021,3,2021Q3,dadra & nagar haveli & daman & diu,4130800,5487801996.985148,1328.5082785380914
2021,3,2021Q3,delhi,172751582,288115773262.44116,1667.8039640901302
2021,3,2021Q3,goa,7417529,11618809271.817026,1566.398900741342
2021,3,2021Q3,gujarat,146565806,266874951666.12268,1820.8541197264162
2021,3,2021Q3,haryana,165765789,279337569622.5245,1685.1340153336735
2021,3,2021Q3,himachal pradesh,12997641,22459107257.73033,1727.93718935077
2021,3,2021Q3,jammu & kashmir,12146768,25141751151.745125,2069.8305221393152
2021,3,2021Q3,jharkhand,85440030,143139149140.78366,1675.3171685541738
2021,3,2021Q3,karnataka,746649773,1121937537110.1548,1502.6289134225115
2021,3,2021Q3,kerala,66171196,105680340079.37677,1597.0746558574635
2021,3,2021Q3,ladakh,929963,3194633089.416123,3435.2260137404637
2021,3,2021Q3,lakshadweep,24627,71786359.45006213,2914.9453628156953
2021,3,2021Q3,madhya pradesh,286544938,471043596822.1968,1643.8733837350035
2021,3,2021Q3,maharashtra,734586580,1040338295534.0461,1416.2228440574645
2021,3,2021Q3,manipur,1772255,5444167085.189641,3071.88699436009
2021,3,2021Q3,meghalaya,1354216,3204114778.4993167,2366.0293324693525
2021,3,2021Q3,mizoram,555934,1666750165.8631315,2998.107987392625
2021,3,2021Q3,nagaland,1316726,4091491954.330838,3107.322217629817
2021,3,2021Q3,odisha,183365656,315250260342.66077,1719.2437625433017
2021,3,2021Q3,puducherry,4590304,7468860247.675983,1627.0949043191874
2021,3,2021Q3,punjab,41656204,84329568328.41077,2024.4179793341411
2021,3,2021Q3,rajasthan,384071639,686772090114.5065,1788.1353903210397
2021,3,2021Q3,sikkim,1295143,3285177951.9864945,2536.536854993228
2021,3,2021Q3,tamil nadu,200552172,356208315248.4176,1776.1379081370287
2021,3,2021Q3,telangana,592741458,1102647432922.4187,1860.250228898986
2021,3,2021Q3,tripura,2876416,5802800784.247176,2017.3718906608697
2021,3,2021Q3,uttar pradesh,350675338,627645749576.7488,1789.8200459615691
2021,3,2021Q3,uttarakhand,33180604,52164580069.14418,1572.1407623907082
2021,3,2021Q3,west bengal,175901327,344476718379.314,1958.3520161807194
2021,4,2021Q4,andaman & nicobar islands,722741,2012194678.690066,2784.1158571190317
2021,4,2021Q4,andhra pradesh,576560191,1241105876775.0784,2152.604179318163
2021,4,2021Q4,arunachal pradesh,2781103,7765536383.489752,2792.2505507669985
2021,4,2021Q4,assam,35028733,77820924721.56917,2221.6311598129787
2021,4,2021Q4,bihar,211595139,455873110665.51166,2154.459279263082
2021,4,2021Q4,chandigarh,5012587,7760737879.59054,1548.2500113395618
2021,4,2021Q4,chhattisgarh,90986070,142897547581.29657,1570.5431345841905
2021,4,2021Q4,dadra & nagar haveli & daman & diu,4718714,6073199177.991066,1287.0454064372339
2021,4,2021Q4,delhi,180172118,312145482478.9022,1732.4849479701527
2021,4,2021Q4,goa,11465988,18743523947.17128,1634.7063983645614
2021,4,2021Q4,gujarat,155616570,290763968555.83673,1868.4640623799685
2021,4,2021Q4,haryana,172725358,309594718962.4182,1792.4103475438633
2021,4,2021Q4,himachal pradesh,13750261,23742042055.622837,1726.661192512843
2021,4,2021Q4,jammu & kashmir,13451800,27038608302.84806,2010.0364488654352
2021,4,2021Q4,jharkhand,100429690,168572076881.3144,1678.5083861287872
2021,4,2021Q4,karnataka,801331486,1182460315270.1006,1475.6194358124856
2021,4,2021Q4,kerala,74793487,111505022241.01321,1490.8386640806466
2021,4,2021Q4,ladakh,857639,2662955792.650712,3104.984489570451
2021,4,2021Q4,lakshadweep,25317,80761077.71397853,3189.993984831478
2021,4,2021Q4,madhya pradesh,321167679,527428491137.57495,1642.221573415471
2021,4,2021Q4,maharashtra,821255563,1161752565942.6445,1414.6054142985995
2021,4,2021Q4,manipur,1782570,5545169786.397645,3110.77252865113
2021,4,2021Q4,meghalaya,1558644,3952050835.0893,2535.569915316968
2021,4,2021Q4,mizoram,565002,1762778939.6199198,3119.951680914262
2021,4,2021Q4,nagaland,1369793,4397011067.663409,3209.982141581545
2021,4,2021Q4,odisha,212268637,349960811331.7029,1648.6694232257348
2021,4,2021Q4,puducherry,4932923,7719396424.895111,1564.8726779021508
2021,4,2021Q4,punjab,44390425,94107319933.46066,2119.991415569026
2021,4,2021Q4,rajasthan,410190115,765489774059.7771,1866.1828895115552
2021,4,2021Q4,sikkim,1498091,3929709746.243639,2623.1448865547145
2021,4,2021Q4,tamil nadu,218792102,374419414326.7141,1711.3022403647556
2021,4,2021Q4,telangana,642408303,1206831019294.7505,1878.6043294567294
2021,4,2021Q4,tripura,2997566,6336990350.00956,2114.0453120997367
2021,4,2021Q4,uttar pradesh,400725104,752059552950.346,1876.7467908632595
2021,4,2021Q4,uttarakhand,36913646,57949052739.9576,1569.8544852480193
2021,4,2021Q4,west bengal,189761882,385851696670.8897,2033.346700634481
2022,1,2022Q1,andaman & nicobar islands,998495,2453419279.5854826,2457.1172410332374
2022,1,2022Q1,andhra pradesh,725554627,1565634867542.4126,2157.845611178788
2022,1,2022Q1,arunachal pradesh,3643158,9915850686.493687,2721.7734411995543
2022,1,2022Q1,assam,50025695,110373718442.02957,2206.340530441997
2022,1,2022Q1,bihar,279365074,607780285452.8403,2175.5771999360245
2022,1,2022Q1,chandigarh,6026078,9061038154.153315,1503.6377149703862
2022,1,2022Q1,chhattisgarh,118651612,188186021689.86618,1586.0384744698301
2022,1,2022Q1,dadra & nagar haveli & daman & diu,6099780,7630083652.340666,1250.878499280411
2022,1,2022Q1,delhi,223152158,376375724015.03375,1686.632687706447
2022,1,2022Q1,goa,13928876,21935946828.799046,1574.8540534641163
2022,1,2022Q1,gujarat,202167410,375175981366.9569,1855.7688470508522
2022,1,2022Q1,haryana,220541832,382682595071.275,1735.1927822530968
2022,1,2022Q1,himachal pradesh,16563694,26739954514.571903,1614.3714387969196
2022,1,2022Q1,jammu & kashmir,16932419,31916535500.418865,1884.9365527996245
2022,1,2022Q1,jharkhand,130487443,222356236530.36456,1704.0431739501905
2022,1,2022Q1,karnataka,1035726006,1526632375838.833,1473.9732004362097
2022,1,2022Q1,kerala,96434007,139999474580.00208,1451.7645686962078
2022,1,2022Q1,ladakh,991962,2920273909.8131056,2943.937277650863
2022,1,2022Q1,lakshadweep,30348,100573065.28366517,3313.993188469262
2022,1,2022Q1,madhya pradesh,418657344,670680907516.0426,1601.9805149197207
2022,1,2022Q1,maharashtra,1069812670,1484934108466.9033,1388.0318957775135
2022,1,2022Q1,manipur,2257271,6964838004.509034,3085.5125523293545
2022,1,2022Q1,meghalaya,2011337,5366114455.583481,2667.934043665224
2022,1,2022Q1,mizoram,676714,2163424217.0168552,3196.9550164720326
2022,1,2022Q1,nagaland,1709875,5276073879.483517,3085.648880464079
2022,1,2022Q1,odisha,268911728,461602495894.72363,1716.557694704649
2022,1,2022Q1,puducherry,6354587,9877119182.394363,1554.3290511868613
2022,1,2022Q1,punjab,55588571,113838148481.78015,2047.8696687810188
2022,1,2022Q1,rajasthan,535528877,971889889959.4716,1814.822564571941
2022,1,2022Q1,sikkim,1834534,4527630666.266523,2468.0004111488383
2022,1,2022Q1,tamil nadu,278047655,483121547982.56067,1737.5494426757912
2022,1,2022Q1,telangana,820292794,1529608338617.9746,1864.7101983660418
2022,1,2022Q1,tripura,3841505,8167021603.850515,2125.9953075293447
2022,1,2022Q1,uttar pradesh,521369445,955324276610.6467,1832.336524075834
2022,1,2022Q1,uttarakhand,45265588,69248100029.00323,1529.8177509370526
2022,1,2022Q1,west bengal,244077613,512176281443.31213,2098.4156438932077
2022,2,2022Q2,andaman & nicobar islands,1419556,3229468164.9089017,2274.9846888103757
2022,2,2022Q2,andhra pradesh,840332341,1793485874297.8623,2134.257824902472
2022,2,2022Q2,arunachal pradesh,4904907,12095132402.063713,2465.9249200981208
2022,2,2022Q2,assam,64800277,127094723035.47563,1961.3299343685774
2022,2,2022Q2,bihar,350987405,741819444963.2347,2113.5215520432557
2022,2,2022Q2,chandigarh,7761882,10624481178.149662,1368.8022026294218
2022,2,2022Q2,chhattisgarh,143649650,217141086234.92676,1511.6019164329796
2022,2,2022Q2,dadra & nagar haveli & daman & diu,7431344,8548899697.35703,1150.3840620696647
2022,2,2022Q2,delhi,280662698,443015534922.1724,1578.4624678630162
2022,2,2022Q2,goa,16022094,24878187518.779408,1552.7425765183632
2022,2,2022Q2,gujarat,242865983,425192027731.0801,1750.7269749303675
2022,2,2022Q2,haryana,271267385,444207427107.7095,1637.5261150827605
2022,2,2022Q2,himachal pradesh,22234130,33881003865.982437,1523.828630397611
2022,2,2022Q2,jammu & kashmir,24566238,43852978538.412926,1785.0913330080464
2022,2,2022Q2,jharkhand,158327616,259653640097.40186,1639.9769456353201
2022,2,2022Q2,karnataka,1261631220,1828098602933.223,1448.9960092563522
2022,2,2022Q2,kerala,109257505,155452076681.6139,1422.8045632344788
2022,2,2022Q2,ladakh,1690971,4971962008.286831,2940.2999863905598
2022,2,2022Q2,lakshadweep,33079,98136938.13431954,2966.7444038308154
2022,2,2022Q2,madhya pradesh,490063972,789356451377.2751,1610.721245546439
2022,2,2022Q2,maharashtra,1272760072,1740994209212.3047,1367.8887698578783
2022,2,2022Q2,manipur,2451327,7208227925.014736,2940.5411538382014
2022,2,2022Q2,meghalaya,2495929,6101621809.718108,2444.629558660566
2022,2,2022Q2,mizoram,735958,2227243030.2535167,3026.3181190414625
2022,2,2022Q2,nagaland,1974012,5909718802.434075,2993.760322852179
2022,2,2022Q2,odisha,322378227,525877207233.302,1631.242941333324
2022,2,2022Q2,puducherry,7489973,11295663383.730684,1508.1046865897492
2022,2,2022Q2,punjab,69470142,131238733411.7305,1889.1386951782897
2022,2,2022Q2,rajasthan,620679225,1085864980526.7068,1749.4785338218896
2022,2,2022Q2,sikkim,2512240,5966964957.632882,2375.1572133366567
2022,2,2022Q2,tamil nadu,338126426,560768519721.7483,1658.4581286815728
2022,2,2022Q2,telangana,993209224,1792476811489.9426,1804.7323445819534
2022,2,2022Q2,tripura,4598026,8963681349.511333,1949.462954213685
2022,2,2022Q2,uttar pradesh,655438792,1150071386489.6924,1754.6587118842554
2022,2,2022Q2,uttarakhand,60660502,88219812501.76044,1454.3205148839756
2022,2,2022Q2,west bengal,298813188,605707035569.897,2027.0425131634317
2022,3,2022Q3,andaman & nicobar islands,1876971,3727232315.104086,1985.769793515236
2022,3,2022Q3,andhra pradesh,956418056,1959402519798.4548,2048.688340319722
2022,3,2022Q3,arunachal pradesh,6325455,13636396793.285019,2155.7969811317953
2022,3,2022Q3,assam,84341513,150673177993.96173,1786.4652012344352
2022,3,2022Q3,bihar,398081452,747732795859.8962,1878.3412090747104
2022,3,2022Q3,chandigarh,9175146,12189515329.976696,1328.536388410244
2022,3,2022Q3,chhattisgarh,168777635,232335130975.735,1376.575344095413
2022,3,2022Q3,dadra & nagar haveli & daman & diu,9167713,10016928620.567108,1092.6311306393545
2022,3,2022Q3,delhi,336144494,507114703182.28174,1508.6211799806595
2022,3,2022Q3,goa,17781281,25811794705.68304,1451.627399942841
2022,3,2022Q3,gujarat,298170347,492460968385.96,1651.6094686838862
2022,3,2022Q3,haryana,325918974,499123302373.1108,1531.433706504951
2022,3,2022Q3,himachal pradesh,24383236,35641730907.87379,1461.7309576084892
2022,3,2022Q3,jammu & kashmir,30956037,52238599727.460464,1687.509280579438
2022,3,2022Q3,jharkhand,184873084,273793546041.3701,1480.9811148137178
2022,3,2022Q3,karnataka,1499846853,2033196715924.187,1355.6028816257997
2022,3,2022Q3,kerala,133133217,179785817262.17734,1350.420438365711
2022,3,2022Q3,ladakh,2078286,5792916606.523451,2787.3529468626793
2022,3,2022Q3,lakshadweep,34974,100075631.86162713,2861.429400744185
2022,3,2022Q3,madhya pradesh,564992533,805308274469.1998,1425.3432168265485
2022,3,2022Q3,maharashtra,1481906141,1915987311841.3394,1292.920825976481
2022,3,2022Q3,manipur,2976452,8100189981.03102,2721.4246965954835
2022,3,2022Q3,meghalaya,3224648,7207201086.186328,2235.03498248067
2022,3,2022Q3,mizoram,872923,2421358158.8989,2773.8507965752992
2022,3,2022Q3,nagaland,2397145,6778968160.648544,2827.9341302459984
2022,3,2022Q3,odisha,380594298,559830322281.8159,1470.937229547816
2022,3,2022Q3,puducherry,8848397,12834141844.970497,1450.448238813256
2022,3,2022Q3,punjab,85348374,152008684618.77896,1781.0378510407118
2022,3,2022Q3,rajasthan,737030782,1197697051891.4873,1625.0298917521836
2022,3,2022Q3,sikkim,2904465,6064289653.488258,2087.919686926253
2022,3,2022Q3,tamil nadu,403676932,647127117674.8535,1603.081737835972
2022,3,2022Q3,telangana,1161232661,2003594734268.4893,1725.4033593432396
2022,3,2022Q3,tripura,5814252,11009012067.584843,1893.4528581810425
2022,3,2022Q3,uttar pradesh,775761504,1224796014974.3357,1578.8306182493116
2022,3,2022Q3,uttarakhand,68009292,92527276762.59744,1360.5093369093954
2022,3,2022Q3,west bengal,364129324,695665215498.2949,1910.4894048530266
2022,4,2022Q4,andaman & nicobar islands,2263155,4313612056.401077,1906.0170675013762
2022,4,2022Q4,andhra pradesh,1030438279,2028666459424.0625,1968.741360610947
2022,4,2022Q4,arunachal pradesh,7474281,14697638125.945652,1966.4283595901268
2022,4,2022Q4,assam,97084626,172386294490.2151,1775.629176242746
2022,4,2022Q4,bihar,478561642,881147256455.3129,1841.2408749953947
2022,4,2022Q4,chandigarh,9744704,12720512772.5428,1305.3770306971664
2022,4,2022Q4,chhattisgarh,192641774,267162792319.1936,1386.837271957398
2022,4,2022Q4,dadra & nagar haveli & daman & diu,10667542,11210383267.660694,1050.8871929129216
2022,4,2022Q4,delhi,365023307,556037697335.6055,1523.29368199934
2022,4,2022Q4,goa,23220664,33502458362.18222,1442.7864062019166
2022,4,2022Q4,gujarat,329074518,548039488289.37463,1665.396310902975
2022,4,2022Q4,haryana,346421564,550189071738.4247,1588.2067657266991
2022,4,2022Q4,himachal pradesh,27607097,38681552816.71495,1401.1452495970493
2022,4,2022Q4,jammu & kashmir,37429141,54950573837.60637,1468.122761289295
2022,4,2022Q4,jharkhand,213455622,317476716109.8493,1487.3195333775247
2022,4,2022Q4,karnataka,1636914664,2207804195613.2246,1348.7594950235136
2022,4,2022Q4,kerala,145153196,188993126385.9121,1302.0252505216083
2022,4,2022Q4,ladakh,1936688,4657431512.900627,2404.843481707238
2022,4,2022Q4,lakshadweep,37014,107487767.57716052,2903.975997653875
2022,4,2022Q4,madhya pradesh,640668697,939572408725.7617,1466.5495803453648
2022,4,2022Q4,maharashtra,1659335577,2150909817409.1558,1296.247635031064
2022,4,2022Q4,manipur,3217150,8403643887.5143385,2612.1392808897126
2022,4,2022Q4,meghalaya,3625736,8280326984.293905,2283.7644506643355
2022,4,2022Q4,mizoram,1018730,2778304892.2491627,2727.2239869731557
2022,4,2022Q4,nagaland,2580507,7441611698.7912445,2883.7789235957293
2022,4,2022Q4,odisha,425780932,632323496876.2422,1485.0911568680633
2022,4,2022Q4,puducherry,9748055,13613642032.366386,1396.549571413619
2022,4,2022Q4,punjab,94706019,172026389446.46945,1816.425093810241
2022,4,2022Q4,rajasthan,820996227,1381577028127.7593,1682.805575338849
2022,4,2022Q4,sikkim,3192928,6611574174.825417,2070.693161519902
2022,4,2022Q4,tamil nadu,435288054,674950927795.2251,1550.5845418749423
2022,4,2022Q4,telangana,1298732509,2182810144779.9902,1680.7234204530027
2022,4,2022Q4,tripura,6360774,11623038234.726625,1827.2993561360026
2022,4,2022Q4,uttar pradesh,890097755,1446927383901.7651,1625.5825562685136
2022,4,2022Q4,uttarakhand,75301900,102012862486.52225,1354.7183070616047
2022,4,2022Q4,west bengal,400458936,749746367003.5804,1872.2178470842775
2023,1,2023Q1,andaman & nicobar islands,2449897,4656305779.671389,1900.6128746112138
2023,1,2023Q1,andhra pradesh,1138724913,2251807395014.746,1977.4814525505565
2023,1,2023Q1,arunachal pradesh,8416665,16792360774.756207,1995.1323683140777
2023,1,2023Q1,assam,115216347,212425494987.1329,1843.7096863271745
2023,1,2023Q1,bihar,557298485,1037888852800.0654,1862.357212042422
2023,1,2023Q1,chandigarh,10182795,13320740709.154438,1308.1615321878166
2023,1,2023Q1,chhattisgarh,214685457,299544060546.12585,1395.2694548197824
2023,1,2023Q1,dadra & nagar haveli & daman & diu,11627938,12184562485.612377,1047.8695780466303
2023,1,2023Q1,delhi,408284405,611515329918.7366,1497.7680323566035
2023,1,2023Q1,goa,24526280,35270734819.251785,1438.0792692267962
2023,1,2023Q1,gujarat,369002002,602862655965.1804,1633.7652714555745
2023,1,2023Q1,haryana,382428292,593038018688.3391,1550.716908487354
2023,1,2023Q1,himachal pradesh,28591197,38288728154.99783,1339.178914230063
2023,1,2023Q1,jammu & kashmir,42238384,56989379844.37264,1349.2320123888414
2023,1,2023Q1,jharkhand,242977596,367883618513.0067,1514.06394897827
2023,1,2023Q1,karnataka,1832273719,2470385672596.304,1348.262351295726
2023,1,2023Q1,kerala,148764769,194875581991.6593,1309.9578838566226
2023,1,2023Q1,ladakh,1882925,4287184387.0438447,2276.8747491503086
2023,1,2023Q1,lakshadweep,43520,120064282.06789017,2758.8300107511527
2023,1,2023Q1,madhya pradesh,730638617,1058319171944.054,1448.4851297478763
2023,1,2023Q1,maharashtra,1843209645,2363317566724.5234,1282.1751302872135
2023,1,2023Q1,manipur,3435277,8751539696.43811,2547.549934528747
2023,1,2023Q1,meghalaya,4171750,9672439462.99083,2318.556831783024
2023,1,2023Q1,mizoram,1116672,3027223071.995682,2710.933086882882
2023,1,2023Q1,nagaland,2834148,8050868360.056755,2840.6661755337955
2023,1,2023Q1,odisha,480048713,753356890534.1677,1569.3342574051808
2023,1,2023Q1,puducherry,10217489,14216402974.75116,1391.3793276167128
2023,1,2023Q1,punjab,98153837,175864657816.9519,1791.7247373319894
2023,1,2023Q1,rajasthan,919098766,1551787489613.533,1688.3794723901663
2023,1,2023Q1,sikkim,3401499,6708361128.239864,1972.177892229239
2023,1,2023Q1,tamil nadu,468044832,720402614621.3375,1539.1743811014614
2023,1,2023Q1,telangana,1424621673,2371715741378.491,1664.8039169473532
2023,1,2023Q1,tripura,7564973,13869349810.241547,1833.3640860636974
2023,1,2023Q1,uttar pradesh,1011060339,1635880038405.158,1617.9845804486233
2023,1,2023Q1,uttarakhand,80316638,106914144085.76015,1331.1581105494001
2023,1,2023Q1,west bengal,468933668,898862460705.0684,1916.8221905215566
2023,2,2023Q2,andaman & nicobar islands,2939168,5236683780.982016,1781.6891654311748
2023,2,2023Q2,andhra pradesh,1295037315,2509703988271.9307,1937.9395166477736
2023,2,2023Q2,arunachal pradesh,10917104,20359353648.82662,1864.9042501405702
2023,2,2023Q2,assam,139599202,235261543203.49353,1685.2642410054286
2023,2,2023Q2,bihar,698546493,1224912261750.1792,1753.515727334958
2023,2,2023Q2,chandigarh,12002645,15001734621.098116,1249.8690597862485
2023,2,2023Q2,chhattisgarh,250168113,331458751118.9755,1324.9440432041613
2023,2,2023Q2,dadra & nagar haveli & daman & diu,13139339,13293978308.32088,1011.7691847604267
2023,2,2023Q2,delhi,479877785,661524275756.0029,1378.5265674592604
2023,2,2023Q2,goa,26864800,38615163972.77406,1437.3888498248289
2023,2,2023Q2,gujarat,425451706,650588973801.5613,1529.172323501181
2023,2,2023Q2,haryana,458437725,663139120171.8699,1446.5195249188314
2023,2,2023Q2,himachal pradesh,36965811,47592612549.69776,1287.4764887397644
2023,2,2023Q2,jammu & kashmir,59065448,77930824657.73734,1319.3978425040868
2023,2,2023Q2,jharkhand,292499192,422886248541.147,1445.7689460596766
2023,2,2023Q2,karnataka,2052780671,2779793686048.242,1354.160103570189
2023,2,2023Q2,kerala,157861037,209357724479.30676,1326.2153122642085
2023,2,2023Q2,ladakh,3396028,7790389777.205618,2293.971008839037
2023,2,2023Q2,lakshadweep,50557,135198933.54788214,2674.188214250888
2023,2,2023Q2,madhya pradesh,843782510,1197411249860.0825,1419.0993954829455
2023,2,2023Q2,maharashtra,2058432368,2604704587837.528,1265.3826418248043
2023,2,2023Q2,manipur,1700053,4552576250.751693,2677.9025423040885
2023,2,2023Q2,meghalaya,5103808,10680548971.431965,2092.6627669833906
2023,2,2023Q2,mizoram,1286147,3263852337.1969995,2537.6977415466504
2023,2,2023Q2,nagaland,3091461,8263465628.271147,2672.996886673048
2023,2,2023Q2,odisha,540567279,798613320310.5529,1477.361563185834
2023,2,2023Q2,puducherry,11193638,15361823627.269354,1372.3709510053259
2023,2,2023Q2,punjab,119012408,194504179995.89307,1634.3184989240203
2023,2,2023Q2,rajasthan,1073092744,1694556785190.1575,1579.1335787749558
2023,2,2023Q2,sikkim,4437602,8547336154.627519,1926.1159866584517
2023,2,2023Q2,tamil nadu,504160429,781360465422.6838,1549.8250566243544
2023,2,2023Q2,telangana,1644044462,2696606763836.345,1640.227394188531
2023,2,2023Q2,tripura,8518239,14533054884.912336,1706.1102517682748
2023,2,2023Q2,uttar pradesh,1220844008,1835097474392.2053,1503.1383717879585
2023,2,2023Q2,uttarakhand,104119321,133676491393.38852,1283.877863488838
2023,2,2023Q2,west bengal,557201653,1011853593979.1373,1815.955836690846
2023,3,2023Q3,andaman & nicobar islands,3294013,5429583227.211581,1648.318700385087
2023,3,2023Q3,andhra pradesh,1467644978,2654560419251.27,1808.721086531916
2023,3,2023Q3,arunachal pradesh,13227332,21637138207.620934,1635.7900601285985
2023,3,2023Q3,assam,168278113,243468041626.96988,1446.81941867847
2023,3,2023Q3,bihar,743992914,1148004167584.6228,1543.0310504067822
2023,3,2023Q3,chandigarh,13514642,15978579212.550114,1182.3161288734184
2023,3,2023Q3,chhattisgarh,283570782,349234131102.0796,1231.558937909476
2023,3,2023Q3,dadra & nagar haveli & daman & diu,14946369,14582297017.60117,975.6414429217672
2023,3,2023Q3,delhi,544463265,707384902988.8572,1299.2334808646037
2023,3,2023Q3,goa,27248674,37450380521.6337,1374.39276941086
2023,3,2023Q3,gujarat,485612014,713336692583.1819,1468.94366699746
2023,3,2023Q3,haryana,502016327,679488272348.9021,1353.5182738168237
2023,3,2023Q3,himachal pradesh,34725152,42559427469.09868,1225.6080972402563
2023,3,2023Q3,jammu & kashmir,67501820,87600579308.04288,1297.7513688970591
2023,3,2023Q3,jharkhand,321102668,419546015678.4694,1306.5790399426685
2023,3,2023Q3,karnataka,2357608666,2985013622701.8813,1266.1192104312877
2023,3,2023Q3,kerala,171587063,220873954649.31503,1287.241303555123
2023,3,2023Q3,ladakh,4065626,8966210701.853298,2205.3702681587774
2023,3,2023Q3,lakshadweep,61690,127653819.3961912,2069.2789657349845
2023,3,2023Q3,madhya pradesh,974634662,1234399612492.1458,1266.5254588412595
2023,3,2023Q3,maharashtra,2288748568,2753519460899.4004,1203.0676935848553
2023,3,2023Q3,manipur,904737,3670828688.5792255,4057.3433921451488
2023,3,2023Q3,meghalaya,5927576,11034725792.028677,1861.5916172190246
2023,3,2023Q3,mizoram,1371224,3167055400.83658,2309.655753426559
2023,3,2023Q3,nagaland,3581630,8858677977.630177,2473.364914195541
2023,3,2023Q3,odisha,620854881,840399944380.947,1353.61735906357
2023,3,2023Q3,puducherry,12464709,16421645570.85983,1317.4511792340945
2023,3,2023Q3,punjab,132850814,205330761365.49872,1545.5739801902812
2023,3,2023Q3,rajasthan,1237044429,1798770149235.0293,1454.0869406680213
2023,3,2023Q3,sikkim,4740161,8003122189.827261,1688.3650554964822
2023,3,2023Q3,tamil nadu,558715546,835710063991.9968,1495.7702000151555
2023,3,2023Q3,telangana,1861859423,2865813600979.7666,1539.2212567596016
2023,3,2023Q3,tripura,9631541,15862091659.466682,1646.8903220644218
2023,3,2023Q3,uttar pradesh,1361433436,1863230615478.421,1368.5800320526437
2023,3,2023Q3,uttarakhand,106784950,128515385224.72354,1203.4971709470626
2023,3,2023Q3,west bengal,642154264,1073507229812.2742,1671.727947620191
2023,4,2023Q4,andaman & nicobar islands,3921213,6538722461.517704,1667.5254472321967
2023,4,2023Q4,andhra pradesh,1588297806,2811855025318.7295,1770.3575580703973
2023,4,2023Q4,arunachal pradesh,15084363,24771952971.461708,1642.2273165570007
2023,4,2023Q4,assam,194352109,285818446041.6975,1470.621788013103
2023,4,2023Q4,bihar,939309620,1436863360578.1116,1529.7015275731037
2023,4,2023Q4,chandigarh,13784981,16915170140.23735,1227.072430512407
2023,4,2023Q4,chhattisgarh,322561838,404263598492.0149,1253.2902249025965
2023,4,2023Q4,dadra & nagar haveli & daman & diu,17850712,16983535180.430668,951.4206033031437
2023,4,2023Q4,delhi,595978737,800033234390.3937,1342.3855327751294
2023,4,2023Q4,goa,33643920,44395207299.52843,1319.5610766976151
2023,4,2023Q4,gujarat,542379120,803395243183.7517,1481.2429416231062
2023,4,2023Q4,haryana,555795275,786452421039.6418,1415.0037908106394
2023,4,2023Q4,himachal pradesh,40615274,49155662459.05554,1210.2752885295208
2023,4,2023Q4,jammu & kashmir,73674593,94888368455.39261,1287.9388211264718
2023,4,2023Q4,jharkhand,379383888,501952800000.8065,1323.0735829266596
2023,4,2023Q4,karnataka,2550471370,3249475283077.739,1274.06851976454
2023,4,2023Q4,kerala,181170722,226951463919.4792,1252.693930973456
2023,4,2023Q4,ladakh,3523487,7515335519.66155,2132.9255705105625
2023,4,2023Q4,lakshadweep,96514,176451021.5524603,1828.2427580709566
2023,4,2023Q4,madhya pradesh,1098779303,1426823070181.1738,1298.5529180295944
2023,4,2023Q4,maharashtra,2568566942,3105786845149.348,1209.151606822069
2023,4,2023Q4,manipur,2203468,6907044662.760012,3134.624447806826
2023,4,2023Q4,meghalaya,7120043,13509073095.121254,1897.3302682471515
2023,4,2023Q4,mizoram,1576249,3621619372.125742,2297.6188229941727
2023,4,2023Q4,nagaland,3953388,9905355331.48168,2505.535842037685
2023,4,2023Q4,odisha,730012056,981621827380.3324,1344.6652275292456
2023,4,2023Q4,puducherry,13074652,17039512522.583828,1303.247881670872
2023,4,2023Q4,punjab,143440826,231847076209.30914,1616.3255795062778
2023,4,2023Q4,rajasthan,1350966019,2070058351728.4211,1532.2801037295528
2023,4,2023Q4,sikkim,4842501,8557427285.088291,1767.1503392747447
2023,4,2023Q4,tamil nadu,597821132,878172648141.2632,1468.9555138396533
2023,4,2023Q4,telangana,2006013823,3121625949371.093,1556.1338180126254
2023,4,2023Q4,tripura,10707618,17538263497.053307,1637.9239058634055
2023,4,2023Q4,uttar pradesh,1577265501,2264890592908.507,1435.960268878351
2023,4,2023Q4,uttarakhand,119107620,148205383109.23837,1244.298081929925
2023,4,2023Q4,west bengal,747788359,1253569329663.2058,1676.3691418512785
2024,1,2024Q1,andaman & nicobar islands,4328346,7073085032.739111,1634.1311514234562
2024,1,2024Q1,andhra pradesh,1749727590,3018505887112.872,1725.129045437794
2024,1,2024Q1,arunachal pradesh,16868525,26693314814.200375,1582.433248562063
2024,1,2024Q1,assam,222628994,321206875230.3624,1442.789950487592
2024,1,2024Q1,bihar,1086107837,1633842288997.5242,1504.3094555973857
2024,1,2024Q1,chandigarh,13667061,16541090390.048546,1210.2887658179434
2024,1,2024Q1,chhattisgarh,366651062,463030150974.65735,1262.8632478218688
2024,1,2024Q1,dadra & nagar haveli & daman & diu,20353556,18765466590.83841,921.9748426682006
2024,1,2024Q1,delhi,648689028,833026878275.8525,1284.1698291771515
2024,1,2024Q1,goa,35146111,45445685425.66287,1293.0501877053446
2024,1,2024Q1,gujarat,614098314,881020106441.8213,1434.6564489050547
2024,1,2024Q1,haryana,606097991,811854562422.356,1339.4774021324151
2024,1,2024Q1,himachal pradesh,40811785,48667221254.53458,1192.479604960542
2024,1,2024Q1,jammu & kashmir,77789259,94972171992.32114,1220.8905601263168
2024,1,2024Q1,jharkhand,429954770,561811929005.2913,1306.6768139478747
2024,1,2024Q1,karnataka,2786714019,3491284543661.434,1252.8320164385816
2024,1,2024Q1,kerala,182097703,228424493895.03046,1254.4062343006626
2024,1,2024Q1,ladakh,3253441,6588273640.862362,2025.0170944739314
2024,1,2024Q1,lakshadweep,120325,194003286.42437226,1612.3273336744007
2024,1,2024Q1,madhya pradesh,1283443129,1626171196855.5493,1267.0379856430313
2024,1,2024Q1,maharashtra,2831435504,3382002942775.5654,1194.4481652496668
2024,1,2024Q1,manipur,3974022,9381643367.636852,2360.7426852787557
2024,1,2024Q1,meghalaya,8252199,14955862694.89056,1812.3487684786273
2024,1,2024Q1,mizoram,1688924,3701436431.5462136,2191.594430268155
2024,1,2024Q1,nagaland,4412466,10241734675.10108,2321.0908990802604
2024,1,2024Q1,odisha,862406808,1157247753533.8687,1341.8815143837185
2024,1,2024Q1,puducherry,13519970,17400403122.85509,1287.0149211022724
2024,1,2024Q1,punjab,143173269,224139049661.6971,1565.5090592483232
2024,1,2024Q1,rajasthan,1600558212,2352706512651.676,1469.9287379943642
2024,1,2024Q1,sikkim,5735877,9346992815.650896,1629.5664665840804
2024,1,2024Q1,tamil nadu,643084591,917459762316.2546,1426.654868047141
2024,1,2024Q1,telangana,2170233621,3207009337042.48,1477.7253960173903
2024,1,2024Q1,tripura,11581499,18535441026.607567,1600.435403621549
2024,1,2024Q1,uttar pradesh,1794266530,2483961606826.365,1384.3883087014756
2024,1,2024Q1,uttarakhand,123880004,150315536371.2102,1213.396282835204
2024,1,2024Q1,west bengal,843082236,1422966170005.288,1687.814200375689
2024,2,2024Q2,andaman & nicobar islands,4795590,7495263210.120073,1562.9491282866286
2024,2,2024Q2,andhra pradesh,1920885662,3185673985146.1885,1658.4401915048436
2024,2,2024Q2,arunachal pradesh,20110193,30367049709.014652,1510.032733600053
2024,2,2024Q2,assam,274589008,345236981886.75684,1257.2862417229637
2024,2,2024Q2,bihar,1321734729,1878213500138.2026,1421.0215249161413
2024,2,2024Q2,chandigarh,16570280,18298504093.428207,1104.2966137825194
2024,2,2024Q2,chhattisgarh,412497773,495339525982.10114,1200.8295763141032
2024,2,2024Q2,dadra & nagar haveli & daman & diu,22527545,19470526075.93761,864.2986209077648
2024,2,2024Q2,delhi,774314356,895745968493.4221,1156.824694715362
2024,2,2024Q2,goa,37182439,47519409391.04823,1278.0067867804
2024,2,2024Q2,gujarat,701921455,919028632147.8857,1309.3040903670421
2024,2,2024Q2,haryana,740372930,909199344753.5066,1228.0288864066201
2024,2,2024Q2,himachal pradesh,54506909,60644407062.34276,1112.600368924658
2024,2,2024Q2,jammu & kashmir,112089466,130230163165.34396,1161.8412310514884
2024,2,2024Q2,jharkhand,502445409,621011595298.2496,1235.9782459436296
2024,2,2024Q2,karnataka,3029221824,3786672027453.246,1250.0477837087067
2024,2,2024Q2,kerala,195529557,242690651335.99054,1241.1967533685486
2024,2,2024Q2,ladakh,5691939,10732962147.415825,1885.6425108237852
2024,2,2024Q2,lakshadweep,161844,213925009.20390275,1321.7975902962282
2024,2,2024Q2,madhya pradesh,1432136665,1777347668076.4536,1241.046131638878
2024,2,2024Q2,maharashtra,3056537192,3575026518542.9116,1169.6329192067333
2024,2,2024Q2,manipur,5268375,11040117731.12242,2095.545159773634
2024,2,2024Q2,meghalaya,10990422,16079921304.581762,1463.0849756798932
2024,2,2024Q2,mizoram,2072275,3870351855.01451,1867.6825493790689
2024,2,2024Q2,nagaland,5897170,11252050159.141838,1908.0423591556353
2024,2,2024Q2,odisha,941735991,1163541947521.4395,1235.5288091792165
2024,2,2024Q2,puducherry,14610867,18221014500.6219,1247.0864665746324
2024,2,2024Q2,punjab,172858419,244763570598.0551,1415.9771448450833
2024,2,2024Q2,rajasthan,1818703650,2493535347251.073,1371.0509390856907
2024,2,2024Q2,sikkim,7126004,11164052278.025002,1566.6637680844694
2024,2,2024Q2,tamil nadu,707377354,987216265047.3883,1395.6006076035455
2024,2,2024Q2,telangana,2403883290,3461907722592.297,1440.1313645273922
2024,2,2024Q2,tripura,13492767,18847582110.315292,1396.8656029052672
2024,2,2024Q2,uttar pradesh,2144136082,2705836943014.7227,1261.9707143264811
2024,2,2024Q2,uttarakhand,159360860,180260957246.1923,1131.149500863589
2024,2,2024Q2,west bengal,988799648,1545997993108.2922,1563.5098538266188
2024,3,2024Q3,andaman & nicobar islands,5294506,7666206641.658037,1447.9550389891026
2024,3,2024Q3,andhra pradesh,2086058265,3227507134129.8457,1547.179763998512
2024,3,2024Q3,arunachal pradesh,24519045,31440191935.077065,1282.2763665989871
2024,3,2024Q3,assam,297749691,333320132729.0125,1119.46424397469
2024,3,2024Q3,bihar,1354611186,1774925561306.6208,1310.284146218929
2024,3,2024Q3,chandigarh,17830482,19398464952.299725,1087.9383379708818
2024,3,2024Q3,chhattisgarh,443141845,495927695118.55237,1119.1172774905795
2024,3,2024Q3,dadra & nagar haveli & daman & diu,24452181,20598707213.18743,842.40776776466
2024,3,2024Q3,delhi,844711512,960894810351.4745,1137.5419852825144
2024,3,2024Q3,goa,36966358,45991002795.0858,1244.1312935151957
2024,3,2024Q3,gujarat,763687586,970256325961.4185,1270.48853974879
2024,3,2024Q3,haryana,797331124,927213659244.7268,1162.8966076140869
2024,3,2024Q3,himachal pradesh,50250250,56752036636.12981,1129.388145056588
2024,3,2024Q3,jammu & kashmir,121217339,144846888446.57068,1194.9353915991398
2024,3,2024Q3,jharkhand,522434285,608392838021.0088,1164.5346706543364
2024,3,2024Q3,karnataka,3259303462,3911831838299.791,1200.2048547818806
2024,3,2024Q3,kerala,215505960,258924474745.4031,1201.4724546151908
2024,3,2024Q3,ladakh,6963228,12732979334.10912,1828.6029603093737
2024,3,2024Q3,lakshadweep,183660,214944305.44486734,1170.3381544422703
2024,3,2024Q3,madhya pradesh,1534489500,1759428066717.689,1146.5885343090904
2024,3,2024Q3,maharashtra,3286087251,3690379263272.1494,1123.031429597348
2024,3,2024Q3,manipur,5806055,11771760861.082079,2027.497304293893
2024,3,2024Q3,meghalaya,12096435,16187154478.952517,1338.175626037962
2024,3,2024Q3,mizoram,2395117,3942297215.9296303,1645.9727086107403
2024,3,2024Q3,nagaland,7127882,12302746336.824575,1726.0030871477074
2024,3,2024Q3,odisha,1022988856,1175753144610.859,1149.3313321204537
2024,3,2024Q3,puducherry,15821171,19306627903.40757,1220.3033456504306
2024,3,2024Q3,punjab,188314209,257089702260.87024,1365.2166962126062
2024,3,2024Q3,rajasthan,1932844563,2470834793957.131,1278.3411771726264
2024,3,2024Q3,sikkim,7837835,10648114552.763342,1358.5530382769402
2024,3,2024Q3,tamil nadu,781508176,1053834607664.4268,1348.462677714106
2024,3,2024Q3,telangana,2607828990,3549548031458.4165,1361.1122681239985
2024,3,2024Q3,tripura,14575406,20044092205.04162,1375.1995796920935
2024,3,2024Q3,uttar pradesh,2285132385,2715325163720.8394,1188.2572675196843
2024,3,2024Q3,uttarakhand,159497485,173415603155.37198,1087.2623048280163
2024,3,2024Q3,west bengal,1091000362,1608053446947.104,1473.9256767974418
2024,4,2024Q4,andaman & nicobar islands,6079801,8934732725.344223,1469.5765083995714
2024,4,2024Q4,andhra pradesh,2292770050,3454536571052.4014,1506.7086954718382
2024,4,2024Q4,arunachal pradesh,26790106,34929686801.95984,1303.8278684660613
2024,4,2024Q4,assam,333086043,382282177286.4366,1147.6979757042434
2024,4,2024Q4,bihar,1559808519,2092918508999.367,1341.779124492246
2024,4,2024Q4,chandigarh,18645893,20631840726.069115,1106.5085874980143
2024,4,2024Q4,chhattisgarh,500033921,575372077008.4672,1150.6660905280207
2024,4,2024Q4,dadra & nagar haveli & daman & diu,27354023,22905248328.83792,837.3630573037802
2024,4,2024Q4,delhi,910091437,1058824541586.6793,1163.426550937518
2024,4,2024Q4,goa,46318894,56637741193.07748,1222.7783589365815
2024,4,2024Q4,gujarat,831355510,1082230469473.0231,1301.7661595495085
2024,4,2024Q4,haryana,844101306,1035939449839.3926,1227.2690996634858
2024,4,2024Q4,himachal pradesh,54095801,63783710820.24858,1179.0880186846402
2024,4,2024Q4,jammu & kashmir,127341972,160964790491.79785,1264.0356354132623
2024,4,2024Q4,jharkhand,586522767,702617568253.4089,1197.9374165596694
2024,4,2024Q4,karnataka,3457573836,4158667439552.8296,1202.770392421731
2024,4,2024Q4,kerala,233271669,274488300829.11725,1176.6894025571414
2024,4,2024Q4,ladakh,5732422,10928747032.72503,1906.4798496560495
2024,4,2024Q4,lakshadweep,228820,279685503.6960153,1222.2948330391368
2024,4,2024Q4,madhya pradesh,1681877662,2001212724870.6377,1189.868187256201
2024,4,2024Q4,maharashtra,3634900999,4152526918695.738,1142.404406567921
2024,4,2024Q4,manipur,5798310,12139401338.364204,2093.610265467732
2024,4,2024Q4,meghalaya,13993116,19537014744.836548,1396.1875785805355
2024,4,2024Q4,mizoram,2686856,4470132241.848989,1663.703690055957
2024,4,2024Q4,nagaland,7952281,13952768833.676888,1754.561846302575
2024,4,2024Q4,odisha,1141695660,1304112411134.0796,1142.2592349471483
2024,4,2024Q4,puducherry,16376815,19752651111.941074,1206.1350825506104
2024,4,2024Q4,punjab,200012060,289869668332.55743,1449.2609512274282
2024,4,2024Q4,rajasthan,2040641000,2791321648381.9277,1367.8651209996897
2024,4,2024Q4,sikkim,9021976,12713819912.906326,1409.2056898517937
2024,4,2024Q4,tamil nadu,822940769,1091410271995.0776,1326.2318663848791
2024,4,2024Q4,telangana,2824258573,3859512144223.8027,1366.5576449411747
2024,4,2024Q4,tripura,16034582,22499864071.518784,1403.2086443861638
2024,4,2024Q4,uttar pradesh,2542936824,3210878904579.125,1262.6656212121159
2024,4,2024Q4,uttarakhand,171212380,194796895719.51297,1137.750060594409
2024,4,2024Q4,west bengal,1230402184,1810747542010.678,1471.6712677833461
2025,1,2025Q1,andaman & nicobar islands,6332082,9162142602.949232,1446.93998008068
2025,1,2025Q1,andhra pradesh,2422886250,3666795723272.4346,1513.3998648398926
2025,1,2025Q1,arunachal pradesh,28407442,36223848602.66401,1275.1534827621583
2025,1,2025Q1,assam,381449165,449262511160.80133,1177.7782005652086
2025,1,2025Q1,bihar,1530666231,2084046921423.7925,1361.5292996058738
2025,1,2025Q1,chandigarh,19931215,21239542165.21637,1065.6421179148572
2025,1,2025Q1,chhattisgarh,498714795,585636844581.983,1174.2921013241307
2025,1,2025Q1,dadra & nagar haveli & daman & diu,27107809,22346971352.215958,824.3739415537403
2025,1,2025Q1,delhi,946994561,1075695710049.5652,1135.9048450221935
2025,1,2025Q1,goa,49193973,58807211950.65007,1195.4149739166232
2025,1,2025Q1,gujarat,902261206,1110857728436.5906,1231.1930525766068
2025,1,2025Q1,haryana,857633744,1042384562755.8115,1215.4192509895126
2025,1,2025Q1,himachal pradesh,57676428,63527597457.03926,1101.4481940011829
2025,1,2025Q1,jammu & kashmir,132457102,150194823534.5383,1133.9129519422695
2025,1,2025Q1,jharkhand,599394968,738251651951.271,1231.6614108633476
2025,1,2025Q1,karnataka,3729923285,4428287746523.693,1187.2329289806542
2025,1,2025Q1,kerala,247777357,291529845374.05835,1176.579849360724
2025,1,2025Q1,ladakh,4829929,8573236123.000704,1775.023219389085
2025,1,2025Q1,lakshadweep,286444,330371406.7975748,1153.354257019085
2025,1,2025Q1,madhya pradesh,1723435663,2033055917651.601,1179.652923110946
2025,1,2025Q1,maharashtra,3904534550,4335348832646.413,1110.3369113858687
2025,1,2025Q1,manipur,7775142,14315138066.16877,1841.1416879805886
2025,1,2025Q1,meghalaya,15566407,21882492467.99372,1405.7510167885061
2025,1,2025Q1,mizoram,3214911,4988579857.496769,1551.7007648102137
2025,1,2025Q1,nagaland,8417655,13854930060.290958,1645.937028815146
2025,1,2025Q1,odisha,1174428178,1414655279863.243,1204.5481421199713
2025,1,2025Q1,puducherry,17612711,21168624734.74836,1201.8947415164173
2025,1,2025Q1,punjab,214700898,303581644145.82666,1413.9747293736361
2025,1,2025Q1,rajasthan,2035097242,2747039392692.4717,1349.8320060582498
2025,1,2025Q1,sikkim,9852470,12680467274.809103,1287.0343451752813
2025,1,2025Q1,tamil nadu,875704481,1133708906375.8745,1294.6249916196039
2025,1,2025Q1,telangana,2957671238,4011827575951.1895,1356.4143047433554
2025,1,2025Q1,tripura,18622077,25016887005.832375,1343.399396631878
2025,1,2025Q1,uttar pradesh,2618333992,3288600991414.496,1255.9898780913418
2025,1,2025Q1,uttarakhand,175355250,193302070369.7801,1102.345497895159
2025,1,2025Q1,west bengal,1304050364,1913847338922.7925,1467.6176563091642
2025,2,2025Q2,andaman & nicobar islands,6375269,8893455438.409813,1394.9929702432655
2025,2,2025Q2,andhra pradesh,2530918973,3781520939571.639,1494.129594788746
2025,2,2025Q2,arunachal pradesh,31151454,38572901830.24858,1238.2376061884167
2025,2,2025Q2,assam,412522853,444019860093.2911,1076.3521508305166
2025,2,2025Q2,bihar,1793785807,2356277702190.085,1313.578072139404
2025,2,2025Q2,chandigarh,20255468,21185658828.05371,1045.9229492033317
2025,2,2025Q2,chhattisgarh,530238048,584957150370.3911,1103.1972386304333
2025,2,2025Q2,dadra & nagar haveli & daman & diu,28225351,23146137014.55257,820.0478008068906
2025,2,2025Q2,delhi,988353361,1059397596251.9786,1071.8814121096298
2025,2,2025Q2,goa,45771675,55369449580.35414,1209.688078497327
2025,2,2025Q2,gujarat,919508876,1074252324352.9222,1168.2892383008625
2025,2,2025Q2,haryana,941499109,1093601683082.2201,1161.553603851812
2025,2,2025Q2,himachal pradesh,63902910,68743474561.78065,1075.7487344751696
2025,2,2025Q2,jammu & kashmir,155749073,166352644525.11493,1068.0811212604451
2025,2,2025Q2,jharkhand,665832499,788657303063.193,1184.468021983999
2025,2,2025Q2,karnataka,3730080830,4479122979444.309,1200.811238035372
2025,2,2025Q2,kerala,237505468,282921500230.21344,1191.2209963528649
2025,2,2025Q2,ladakh,7653712,12456512178.718197,1627.5125297003856
2025,2,2025Q2,lakshadweep,282186,285436602.3281379,1011.519360734189
2025,2,2025Q2,madhya pradesh,1837319230,2168370196643.178,1180.1815173094215
2025,2,2025Q2,maharashtra,4035923246,4459847561600.475,1105.0377546254442
2025,2,2025Q2,manipur,8600635,14869751104.220009,1728.9131679486468
2025,2,2025Q2,meghalaya,17304246,21913728757.238136,1266.3787117472866
2025,2,2025Q2,mizoram,3398805,4779116210.284388,1406.116623426289
2025,2,2025Q2,nagaland,9457413,14024796338.65173,1482.9421469329645
2025,2,2025Q2,odisha,1253470101,1383287521722.9543,1103.566427806605
2025,2,2025Q2,puducherry,17496015,20741481980.74739,1185.497496472619
2025,2,2025Q2,punjab,219581044,296629559177.728,1350.8887369063061
2025,2,2025Q2,rajasthan,2180404184,2831640614175.032,1298.6769310726254
2025,2,2025Q2,sikkim,11156835,14199545657.211315,1272.7216685745836
2025,2,2025Q2,tamil nadu,880043623,1133253062425.902,1287.7237364242592
2025,2,2025Q2,telangana,3044459287,4177136892219.811,1372.045574745047
2025,2,2025Q2,tripura,18753226,23151519446.559258,1234.5352979033719
2025,2,2025Q2,uttar pradesh,2874104324,3364968247717.4697,1170.788485170335
2025,2,2025Q2,uttarakhand,202578174,215937765623.93585,1065.947833175433
2025,2,2025Q2,west bengal,1410547289,1934976510103.9966,1371.7913076673863
2025,3,2025Q3,andaman & nicobar islands,6731822,8790337988.9711,1305.7888323504542
2025,3,2025Q3,andhra pradesh,2700328888,3814695548343.5576,1412.6781242446782
2025,3,2025Q3,arunachal pradesh,36334234,42295740825.88502,1164.0741022883547
2025,3,2025Q3,assam,454562374,444477731627.2193,977.8146125821212
2025,3,2025Q3,bihar,1804002017,2130102112192.274,1180.7648174000205
2025,3,2025Q3,chandigarh,22149566,22397711070.192337,1011.2031572172717
2025,3,2025Q3,chhattisgarh,567750078,579430366109.4929,1020.5729396826132
2025,3,2025Q3,dadra & nagar haveli & daman & diu,31444001,24673354040.591118,784.6760353617568
2025,3,2025Q3,delhi,1069317276,1110313539978.9946,1038.338727802425
2025,3,2025Q3,goa,46150727,54338864093.71546,1177.4216274797895
2025,3,2025Q3,gujarat,1045353791,1155632518250.8823,1105.4941668555946
2025,3,2025Q3,haryana,1011816347,1098443930838.6355,1085.6159164610092
2025,3,2025Q3,himachal pradesh,60321591,63475574844.56685,1052.2861514804351
2025,3,2025Q3,jammu & kashmir,163198940,177365135331.55194,1086.803231268242
2025,3,2025Q3,jharkhand,695043900,751683222013.4165,1081.4902799857916
2025,3,2025Q3,karnataka,3852915704,4385483377903.0444,1138.2245849163392
2025,3,2025Q3,kerala,260965876,301251443344.1678,1154.3710157115247
2025,3,2025Q3,ladakh,8782266,14123088628.170713,1608.137196956994
2025,3,2025Q3,lakshadweep,295580,269362417.0022364,911.3012281014833
2025,3,2025Q3,madhya pradesh,1980337761,2098642107160.6836,1059.7394790376284
2025,3,2025Q3,maharashtra,4306180488,4500210515384.953,1045.0584985756298
2025,3,2025Q3,manipur,9804471,16224673451.813852,1654.8239524410703
2025,3,2025Q3,meghalaya,19876141,25631760302.720753,1289.5742841993701
2025,3,2025Q3,mizoram,3951837,5101955955.165985,1291.0340065053254
2025,3,2025Q3,nagaland,11180872,15195878604.305132,1359.0960172252335
2025,3,2025Q3,odisha,1314272318,1387578878544.61,1055.777299377472
2025,3,2025Q3,puducherry,18401595,21280880580.336613,1156.4693484633594
2025,3,2025Q3,punjab,238293965,304307748393.4016,1277.0266691118325
2025,3,2025Q3,rajasthan,2323608156,2778203819923.9854,1195.6421364549494
2025,3,2025Q3,sikkim,11881826,13872661117.52092,1167.5529600855054
2025,3,2025Q3,tamil nadu,954438805,1187233386639.0696,1243.9072892044342
2025,3,2025Q3,telangana,3228865085,4188712492031.4736,1297.27083100825
2025,3,2025Q3,tripura,20791893,25461605416.507072,1224.5929418984156
2025,3,2025Q3,uttar pradesh,2995994617,3220415579009.7754,1074.9069977417037
2025,3,2025Q3,uttarakhand,197711630,198250402920.4244,1002.7250441485127
2025,3,2025Q3,west bengal,1534941462,1981771949298.0732,1291.1058814685098
2025,4,2025Q4,andaman & nicobar islands,7609535,10377697808.657213,1363.7755537831436
2025,4,2025Q4,andhra pradesh,2862709581,4000106326747.966,1397.3147514847283
2025,4,2025Q4,arunachal pradesh,36103054,43631000044.51788,1208.512721514304
2025,4,2025Q4,assam,468795161,468243373408.78876,998.8229665382335
2025,4,2025Q4,bihar,2022586363,2442715459709.96,1207.718742890565
2025,4,2025Q4,chandigarh,22627910,23861736668.233253,1054.526762225643
2025,4,2025Q4,chhattisgarh,605701118,639303988608.5961,1055.4776433623754
2025,4,2025Q4,dadra & nagar haveli & daman & diu,32546677,26195111187.06368,804.8474867976131
2025,4,2025Q4,delhi,1087983371,1170618652301.9897,1075.9527061760484
2025,4,2025Q4,goa,52951592,63813316867.88237,1205.1255582246208
2025,4,2025Q4,gujarat,1048194862,1234864382391.2158,1178.086658462571
2025,4,2025Q4,haryana,1025189236,1197344182785.4304,1167.9250432409247
2025,4,2025Q4,himachal pradesh,62902497,71816498201.72183,1141.7114045841747
2025,4,2025Q4,jammu & kashmir,161467965,188185882406.2973,1165.4688433479503
2025,4,2025Q4,jharkhand,739371210,826388939131.4963,1117.6915302551424
2025,4,2025Q4,karnataka,4064289183,4658806848239.615,1146.2783868151773
2025,4,2025Q4,kerala,281159658,316856950664.97546,1126.9644902789555
2025,4,2025Q4,ladakh,6343728,11502761378.19001,1813.2494612300543
2025,4,2025Q4,lakshadweep,326937,328386753.1594286,1004.4343502247485
2025,4,2025Q4,madhya pradesh,2101082439,2331864870681.1763,1109.839779438172
2025,4,2025Q4,maharashtra,4618105060,4956544899176.127,1073.2854352118457
2025,4,2025Q4,manipur,9815029,16462749477.20841,1677.3001360676988
2025,4,2025Q4,meghalaya,19837650,25907174026.51288,1305.9598302476795
2025,4,2025Q4,mizoram,4103095,5608639114.970993,1366.928895131844
2025,4,2025Q4,nagaland,11172635,16432361934.488552,1470.7687071571345
2025,4,2025Q4,odisha,1405458809,1488758944141.9893,1059.2689978593241
2025,4,2025Q4,puducherry,18857093,21817658916.471947,1157.0001227905036
2025,4,2025Q4,punjab,250577223,346479689165.021,1382.726191218988
2025,4,2025Q4,rajasthan,2359791146,3062398766099.9033,1297.7414426233734
2025,4,2025Q4,sikkim,12122190,14542438211.103767,1199.654370299737
2025,4,2025Q4,tamil nadu,982036878,1229082839335.558,1251.5648514531224
2025,4,2025Q4,telangana,3485116309,4541925564459.137,1303.2350032996092
2025,4,2025Q4,tripura,20913736,25744145782.637417,1230.9682871887364
2025,4,2025Q4,uttar pradesh,3206270064,3696522346306.7783,1152.904238420628
2025,4,2025Q4,uttarakhand,203745180,220079294173.82812,1080.1693280490274
2025,4,2025Q4,west bengal,1595670079,2082769866475.0676,1305.2634713689256
2026,1,2026Q1,andaman & nicobar islands,7964501,10927506389.645979,1372.0264947729906
2026,1,2026Q1,andhra pradesh,3047429835,4349723573013.5205,1427.3416644598547
2026,1,2026Q1,arunachal pradesh,36174886,43929133553.19525,1214.3544433891307
2026,1,2026Q1,assam,503481347,522964731937.307,1038.6973321919452
2026,1,2026Q1,bihar,2098602814,2537338892793.637,1209.0610361650058
2026,1,2026Q1,chandigarh,22820289,23784456763.001396,1042.250462428473
2026,1,2026Q1,chhattisgarh,625441700,681983078745.7452,1090.4023168678157
2026,1,2026Q1,dadra & nagar haveli & daman & diu,33719156,26943767275.15291,799.064106917531
2026,1,2026Q1,delhi,1087780733,1157725625834.733,1064.3005439541398
2026,1,2026Q1,goa,55169116,67324007480.50716,1220.3205771958926
2026,1,2026Q1,gujarat,1127537297,1294388577019.7559,1147.9785018763382
2026,1,2026Q1,haryana,1030869286,1183521834050.4062,1148.0813815326012
2026,1,2026Q1,himachal pradesh,62733321,69091806359.40977,1101.3573848483134
2026,1,2026Q1,jammu & kashmir,154466958,172634617938.55566,1117.615185627956
2026,1,2026Q1,jharkhand,764591317,875924845949.5278,1145.6118144087266
2026,1,2026Q1,karnataka,4228148988,4953796605453.972,1171.6230008718821
2026,1,2026Q1,kerala,284616383,327358436194.98,1150.1742547089427
2026,1,2026Q1,ladakh,5780356,9734397006.12715,1684.0480077917605
2026,1,2026Q1,lakshadweep,351993,352164967.7721263,1000.48855452275
2026,1,2026Q1,madhya pradesh,2186611174,2424177486736.081,1108.6458880119494
2026,1,2026Q1,maharashtra,4829477429,5179476090387.984,1072.4713318435481
2026,1,2026Q1,manipur,10234367,17003536000.669716,1661.4155033398465
2026,1,2026Q1,meghalaya,19926435,23441855945.13065,1176.4199639890753
2026,1,2026Q1,mizoram,4151140,5847542175.098959,1408.6593502264338
2026,1,2026Q1,nagaland,11029965,16014395834.15149,1451.8990617061331
2026,1,2026Q1,odisha,1487851895,1697499511605.2278,1140.9062402714671
2026,1,2026Q1,puducherry,19790951,23200917884.88138,1172.2992939996354
2026,1,2026Q1,punjab,256961583,349778644051.6034,1361.2098741297193
2026,1,2026Q1,rajasthan,2435127309,3091642766729.338,1269.6021088108696
2026,1,2026Q1,sikkim,13287804,15967341009.509085,1201.6538631597127
2026,1,2026Q1,tamil nadu,1015223360,1291277296711.4182,1271.914484622791
2026,1,2026Q1,telangana,3571187698,4713863651916.881,1319.9708473897417
2026,1,2026Q1,tripura,22097250,27676418661.486366,1252.4824881596744
2026,1,2026Q1,uttar pradesh,3294478040,3761378430097.705,1141.7221133147104
2026,1,2026Q1,uttarakhand,204739014,217602962797.85297,1062.830959994039
2026,1,2026Q1,west bengal,1691843395,2280769839448.3564,1348.0974930592536
2026,2,2026Q2,andaman & nicobar islands,7753095,10442295042.827309,1346.8550356763728
2026,2,2026Q2,andhra pradesh,3245956863,4623697374921.988,1424.4481889536398
2026,2,2026Q2,arunachal pradesh,40632514,47494947481.35698,1168.8902016094053
2026,2,2026Q2,assam,549125066,519696079352.86957,946.4074971818343
2026,2,2026Q2,bihar,2289051873,2678141315406.1562,1169.978429495449
2026,2,2026Q2,chandigarh,25137055,25233291728.69225,1003.8284806510648
2026,2,2026Q2,chhattisgarh,646201571,678401352461.2666,1049.829314731373
2026,2,2026Q2,dadra & nagar haveli & daman & diu,33036223,26552512651.741745,803.7393576057937
2026,2,2026Q2,delhi,1171904826,1176560966476.9006,1003.9731387512015
2026,2,2026Q2,goa,55208797,69089808304.2454,1251.4275271066929
2026,2,2026Q2,gujarat,1157902686,1297688887688.3652,1120.723618123091
2026,2,2026Q2,haryana,1130714938,1263508678455.987,1117.4422800948148
2026,2,2026Q2,himachal pradesh,74853009,82068147069.82556,1096.390755244396
2026,2,2026Q2,jammu & kashmir,187742125,203028380125.5166,1081.421551639072
2026,2,2026Q2,jharkhand,815309961,908972692433.1243,1114.8799056965333
2026,2,2026Q2,karnataka,4491711923,5292341222754.296,1178.245914582064
2026,2,2026Q2,kerala,294649816,335501492227.256,1138.6448387507426
2026,2,2026Q2,ladakh,9257425,15460287202.182652,1670.0418531268308
2026,2,2026Q2,lakshadweep,371196,370577513.7308949,998.3338013634169
2026,2,2026Q2,madhya pradesh,2283838085,2568376073176.965,1124.5876360700784
2026,2,2026Q2,maharashtra,5064451991,5465176553156.582,1079.1249601869474
2026,2,2026Q2,manipur,10459691,16979159239.826668,1623.2945351661601
2026,2,2026Q2,meghalaya,22400813,24333710508.62982,1086.286935596035
2026,2,2026Q2,mizoram,4630626,6078019513.264366,1312.5697288583372
2026,2,2026Q2,nagaland,12358326,16371304304.889984,1324.7185990149462
2026,2,2026Q2,odisha,1523130010,1666312139398.4292,1094.0051922412251
2026,2,2026Q2,puducherry,20671909,23907680131.681885,1156.529865320222
2026,2,2026Q2,punjab,282364073,369629734686.83813,1309.0537006343513
2026,2,2026Q2,rajasthan,2553428529,3189512812270.483,1249.109883455243
2026,2,2026Q2,sikkim,14956244,18254633450.45656,1220.5359480934223
2026,2,2026Q2,tamil nadu,1049292967,1316704395266.6187,1254.8491571721538
2026,2,2026Q2,telangana,3878232440,5128045744092.112,1322.2636403124184
2026,2,2026Q2,tripura,22862994,26743110330.736546,1169.7116454098946
2026,2,2026Q2,uttar pradesh,3665306240,3938705461574.024,1074.5910992621516
2026,2,2026Q2,uttarakhand,247026782,255234602776.51517,1033.2264409148768
2026,2,2026Q2,west bengal,1782353009,2211838113700.3,1240.9652310914912
