month,banks_live,volume_mn,value_cr,provenance,avg_ticket_inr,value_lakh_cr
2016-07,21.0,0.09,0.38,npci_ckan_mirror,42.22222222222222,3.8e-06
2016-08,21.0,0.09,3.09,npci_ckan_mirror,343.3333333333333,3.09e-05
2016-09,25.0,0.09,32.64,npci_ckan_mirror,3626.6666666666665,0.0003264
2016-10,26.0,0.1,48.57,npci_ckan_mirror,4857.0,0.0004857
2016-11,30.0,0.29,100.46,npci_ckan_mirror,3464.1379310344823,0.0010046
2016-12,35.0,1.99,707.93,npci_ckan_mirror,3557.437185929648,0.007079299999999999
2017-01,36.0,4.46,1696.22,npci_ckan_mirror,3803.183856502242,0.0169622
2017-02,44.0,4.38,1937.71,npci_ckan_mirror,4423.995433789954,0.0193771
2017-03,44.0,6.37,2425.14,npci_ckan_mirror,3807.12715855573,0.0242514
2017-04,48.0,7.2,2271.24,npci_ckan_mirror,3154.4999999999995,0.022712399999999997
2017-05,49.0,9.36,2797.07,npci_ckan_mirror,2988.3226495726494,0.0279707
2017-06,52.0,10.35,3098.36,npci_ckan_mirror,2993.584541062802,0.0309836
2017-07,53.0,11.63,3411.35,npci_ckan_mirror,2933.2330180567496,0.0341135
2017-08,55.0,16.8,4156.62,npci_ckan_mirror,2474.1785714285716,0.0415662
2017-09,57.0,30.98,5325.81,npci_ckan_mirror,1719.1123305358299,0.0532581
2017-10,60.0,76.96,7057.78,npci_ckan_mirror,917.0712058212058,0.0705778
2017-11,61.0,105.02,9669.33,npci_ckan_mirror,920.713197486193,0.0966933
2017-12,67.0,145.64,13174.24,npci_ckan_mirror,904.5756660258171,0.1317424
2018-01,71.0,151.83,15571.2,npci_ckan_mirror,1025.568069551472,0.15571200000000002
2018-02,86.0,171.4,19126.2,npci_ckan_mirror,1115.8809801633606,0.19126200000000002
2018-03,91.0,178.05,24172.6,npci_ckan_mirror,1357.6298792474024,0.241726
2018-04,97.0,190.08,27021.85,npci_ckan_mirror,1421.6040614478115,0.2702185
2018-05,101.0,189.48,33288.51,npci_ckan_mirror,1756.8350221659277,0.33288510000000004
2018-06,110.0,246.37,40834.03,npci_ckan_mirror,1657.4270406299468,0.4083403
2018-08,114.0,273.75,51843.14,npci_ckan_mirror,1893.8133333333333,0.5184314
2018-09,122.0,405.87,59835.36,npci_ckan_mirror,1474.249390198832,0.5983536
2018-10,128.0,482.36,74978.27,npci_ckan_mirror,1554.4048013931504,0.7497827
2018-11,128.0,524.94,82232.21,npci_ckan_mirror,1566.506838876824,0.8223221000000001
2018-12,129.0,620.17,102594.82,npci_ckan_mirror,1654.3015624748055,1.0259482
2019-01,134.0,672.75,109932.43,npci_ckan_mirror,1634.0755109624672,1.0993243
2019-02,139.0,674.19,106737.12,npci_ckan_mirror,1583.1904952609798,1.0673712
2019-03,142.0,799.54,133460.72,npci_ckan_mirror,1669.218800810466,1.3346072
2019-04,144.0,781.79,142034.39,npci_ckan_mirror,1816.7844306015686,1.4203439000000002
2019-05,143.0,733.54,152449.29,npci_ckan_mirror,2078.268260762876,1.5244929
2019-06,142.0,754.54,146566.35,npci_ckan_mirror,1942.4596442865852,1.4656635
2019-07,143.0,822.29,146386.64,npci_ckan_mirror,1780.2313052572697,1.4638664000000001
2019-08,141.0,918.35,154504.89,npci_ckan_mirror,1682.4183590134483,1.5450489
2019-09,141.0,955.02,161456.56,npci_ckan_mirror,1690.609201901531,1.6145656
2019-10,141.0,1148.36,191359.94,npci_ckan_mirror,1666.3758751610992,1.9135994
2019-11,143.0,1218.77,189229.09,npci_ckan_mirror,1552.6234646405803,1.8922908999999999
2019-12,143.0,1308.4,202520.76,npci_ckan_mirror,1547.8505044328951,2.0252076
2020-01,144.0,1305.02,216242.97,npci_ckan_mirror,1657.0088581017915,2.1624297
2020-02,146.0,1325.69,222516.95,npci_ckan_mirror,1678.4991212123498,2.2251695000000002
2020-03,148.0,1246.84,206462.31,npci_ckan_mirror,1655.8845561579674,2.0646231
2020-04,153.0,999.57,151140.66,npci_ckan_mirror,1512.0567844172995,1.5114066
2020-05,155.0,1234.5,218391.6,npci_ckan_mirror,1769.0692588092345,2.183916
2020-06,155.0,1336.93,261835.0,npci_ckan_mirror,1958.4795015445834,2.61835
2020-07,164.0,1497.36,290537.86,npci_ckan_mirror,1940.3340546027675,2.9053785999999997
2020-08,168.0,1618.83,298307.61,npci_ckan_mirror,1842.735864791238,2.9830761
2020-09,174.0,1800.14,329027.66,npci_ckan_mirror,1827.789283055762,3.2902766
2020-10,189.0,2071.62,386106.74,npci_ckan_mirror,1863.791332387214,3.8610674
2020-11,200.0,2210.23,390999.15,npci_ckan_mirror,1769.0428145487122,3.9099915000000003
2020-12,207.0,2234.16,416176.21,npci_ckan_mirror,1862.7860582948401,4.1617621
2021-01,207.0,2302.73,431181.89,npci_ckan_mirror,1872.481315655765,4.3118189000000005
2021-02,213.0,2292.9,425062.76,npci_ckan_mirror,1853.8216232718391,4.2506276000000005
2021-03,216.0,2731.68,504886.44,npci_ckan_mirror,1848.2634862062907,5.0488644
2021-04,220.0,2641.06,493663.68,npci_ckan_mirror,1869.1876746457863,4.9366368
2021-05,224.0,2539.57,490638.65,npci_ckan_mirror,1931.9752950302611,4.9063865
2021-06,229.0,2807.51,547373.17,npci_ckan_mirror,1949.6748720396365,5.4737317
2021-07,235.0,3247.82,606281.14,npci_ckan_mirror,1866.732577544322,6.0628114
2021-08,249.0,3555.55,639116.95,npci_ckan_mirror,1797.5192304987977,6.391169499999999
2021-09,259.0,3654.3,654351.81,npci_ckan_mirror,1790.6351695263118,6.543518100000001
2021-10,261.0,4218.65,771444.98,npci_ckan_mirror,1828.6536688277058,7.7144498
2021-11,274.0,4186.48,768436.11,npci_ckan_mirror,1835.5184068716442,7.6843611
2021-12,282.0,4566.3,826848.22,npci_ckan_mirror,1810.7619297899832,8.2684822
2022-01,297.0,4617.15,831993.11,npci_ckan_mirror,1801.962487681795,8.3199311
2022-02,304.0,4527.49,826843.0,npci_ckan_mirror,1826.2723937545968,8.26843
2022-03,314.0,5405.65,960581.66,npci_ckan_mirror,1776.9956619462969,9.6058166
2022-04,316.0,5583.05,983302.27,npci_ckan_mirror,1761.227769767421,9.8330227
2022-05,323.0,5955.2,1041520.0,npci_ckan_mirror,1748.92530897367,10.4152
2022-06,330.0,5862.75,1014384.0,npci_ckan_mirror,1730.2187539976974,10.14384
2022-07,338.0,6288.4,1062991.0,npci_ckan_mirror,1690.3997837287704,10.62991
2022-08,346.0,6579.63,1072792.68,npci_ckan_mirror,1630.475695441841,10.727926799999999
2022-09,358.0,6780.8,1116438.1,npci_ckan_mirror,1646.4695906087777,11.164381
2022-10,365.0,7305.42,1211582.51,npci_ckan_mirror,1658.4707107873332,12.1158251
2022-11,376.0,7309.45,1190593.39,npci_ckan_mirror,1628.8412808077212,11.905933899999999
2022-12,382.0,7829.49,1282055.01,npci_ckan_mirror,1637.4693753999302,12.8205501
2023-01,385.0,8036.89,1298726.62,npci_ckan_mirror,1615.9566946916036,12.9872662
2023-02,390.0,7534.76,1235846.62,npci_ckan_mirror,1640.193742070086,12.3584662
2023-03,399.0,8685.3,1410443.01,npci_ckan_mirror,1623.9427653621638,14.1044301
2023-04,414.0,8898.14,1407007.55,npci_ckan_mirror,1581.2378204883269,14.0700755
2023-05,445.0,9415.19,1489145.5,npci_ckan_mirror,1581.6414751056536,14.891455
2023-06,458.0,9335.06,1475464.27,npci_ckan_mirror,1580.5621709983652,14.7546427
2023-07,473.0,9964.61,1533645.2,npci_ckan_mirror,1539.0920467534604,15.336452
2023-08,484.0,10586.02,1576536.56,npci_ckan_mirror,1489.2627824243673,15.7653656
2023-09,,10555.69,1579133.18,npci_manual,1496.00185302903,15.7913318
2023-10,,11408.79,1715768.34,npci_manual,1503.9003610374107,17.1576834
2023-11,,11235.29,1739740.61,npci_manual,1548.4607962945329,17.3974061
2023-12,,12020.23,1822949.45,npci_manual,1516.5678610143068,18.2294945
2024-01,,12203.02,1841083.97,npci_manual,1508.7117533200799,18.4108397
2024-02,,12102.67,1827869.35,npci_manual,1510.3025613356392,18.2786935
2024-03,,13440.0,1978353.23,npci_manual,1471.9890104166666,19.7835323
2024-06,,13885.14,2007081.2,npci_manual,1445.4886302910882,20.070812
2024-07,,14435.55,2064292.41,npci_manual,1430.0060683520892,20.6429241
2024-08,,14963.05,2060735.57,npci_manual,1377.2162560440552,20.6073557
2024-09,,15041.75,2063994.71,npci_manual,1372.1772466634534,20.6399471
2024-10,,16584.97,2349821.46,npci_manual,1416.8379321759398,23.4982146
2024-11,,15482.02,2155187.41,npci_manual,1392.0582779249737,21.551874100000003
2024-12,,16730.01,2324699.94,npci_manual,1389.538882523083,23.2469994
2025-01,,16996.01,2348037.11,npci_manual,1381.5225514694332,23.4803711
2025-02,,16106.19,2196481.7,npci_manual,1363.750024059073,21.964817000000004
2025-03,,18301.51,2477221.59,npci_manual,1353.5613127004274,24.7722159
2025-06,675.0,18395.01,2403930.69,npci_manual,1306.8384795659258,24.0393069
2025-07,684.0,19467.95,2508498.1,npci_manual,1288.5270919639715,25.084981000000003
2025-08,688.0,20008.31,2485472.9,npci_manual,1242.2203074622494,24.854729
2025-09,686.0,19633.43,2489736.52,npci_manual,1268.1108293354753,24.8973652
2025-10,683.0,20700.92,2727790.71,npci_manual,1317.7147247561943,27.2779071
2025-11,684.0,20466.98,2631632.64,npci_manual,1285.7943086864793,26.3163264
2025-12,685.0,21634.67,2796712.71,npci_manual,1292.6995003852612,27.9671271
2026-01,691.0,21703.46,2833481.26,npci_manual,1305.5435677076373,28.3348126
2026-02,694.0,20394.2,2684229.3,npci_manual,1316.172882486197,26.842292999999998
2026-03,705.0,22641.14,2952542.03,npci_manual,1304.0606745066723,29.525420299999997
2026-04,713.0,22346.8,2902988.05,npci_manual,1299.0620804768469,29.029880499999997
2026-05,720.0,23201.95,2990424.18,npci_manual,1288.8676081105252,29.9042418
2026-06,731.0,22716.08,2892138.66,npci_manual,1273.1680201865815,28.9213866
2026-07,741.0,23658.35,2987880.48,npci_manual,1262.9285136114734,29.8788048
