month,app_raw,volume_mn,value_cr,app,nat_volume_mn,nat_value_cr,volume_share,value_share,avg_ticket_inr
2023-12,PhonePe,5642.66,901006.65,PhonePe,12020.23,1822949.45,0.46943028544378934,0.4942576164138836,1596.7764316829296
2023-12,Google Pay,4375.29,629285.36,Google Pay,12020.23,1822949.45,0.3639938670058726,0.3452017608058194,1438.271200309008
2023-12,Paytm Payments Bank App,1573.61,191555.71,Paytm,12020.23,1822949.45,0.13091346837789294,0.10508009972520083,1217.3010466379853
2023-12,Cred,105.31,37293.27,CRED,12020.23,1822949.45,0.008761063640213208,0.02045765448954166,3541.2847782736676
2023-12,Axis Bank Apps,86.9,6100.01,Axis Bank apps,12020.23,1822949.45,0.007229478970036347,0.0033462310213813115,701.957422324511
2023-12,Amazon Pay,54.16,5982.84,Amazon Pay,12020.23,1822949.45,0.0045057374110145975,0.0032819560630164488,1104.6602658788775
2023-12,All other apps,53.24999999999818,13341.449999999953,All other apps,12020.23,1822949.45,0.004430031704884031,0.007318606667891945,2505.4366197183867
2023-12,ICICI Bank Apps,40.09,20884.56,ICICI Bank apps,12020.23,1822949.45,0.0033352107239212566,0.011456466881185325,5209.418807682714
2023-12,Fampay,34.23,392.53,FamApp,12020.23,1822949.45,0.0028476992536748463,0.00021532687041870524,114.67426234297399
2023-12,Yes Bank Apps,28.37,12368.87,Yes Bank apps,12020.23,1822949.45,0.0023601877834284373,0.006785086662715744,4359.841381741277
2023-12,Kotak Mahindra Bank Apps,26.36,4738.2,Kotak Mahindra Bank apps,12020.23,1822949.45,0.002192969685272245,0.0025991943989450723,1797.4962063732928
2024-06,PhonePe #,6716.09,1009064.99,PhonePe,13885.14,2007081.2,0.48368903734496016,0.5027524496766748,1502.4590051652078
2024-06,Google Pay #,5103.99,707241.27,Google Pay,13885.14,2007081.2,0.367586498947796,0.3523730230745024,1385.6635103125202
2024-06,Paytm,1104.89,120840.45,Paytm,13885.14,2007081.2,0.07957355849490895,0.06020705589788794,1093.6876069110951
2024-06,All other apps,497.35000000000036,70588.72999999975,All other apps,13885.14,2007081.2,0.03581886822891238,0.03516984265509524,1419.2968734291685
2024-06,Cred #,138.42,45720.01,CRED,13885.14,2007081.2,0.009968930813805262,0.02277935242480474,3302.9916197081347
2024-06,Axis Bank Apps,75.07,6614.04,Axis Bank apps,13885.14,2007081.2,0.005406499322297074,0.00329535247502692,881.0496869588384
2024-06,Amazon Pay #,67.07,7377.3,Amazon Pay,13885.14,2007081.2,0.0048303438064002235,0.0036756360430260622,1099.940360817057
2024-06,ICICI Bank Apps,51.65,29996.18,ICICI Bank apps,13885.14,2007081.2,0.0037198040495090437,0.014945175112994931,5807.585672797677
2024-06,FamApp by Trio #,50.78,641.36,FamApp,13885.14,2007081.2,0.003657147137155261,0.00031954860620487103,126.30169358014966
2024-06,Kotak Mahindra Bank Apps,42.65,6073.08,Kotak Mahindra Bank apps,13885.14,2007081.2,0.0030716290941250864,0.0030258267577813994,1423.934349355217
2024-06,WhatsApp #,37.18,2923.79,WhatsApp,13885.14,2007081.2,0.0026776827601306145,0.0014567372760005922,786.3878429263044
2024-12,PhonePe #,7984.05,1176300.32,PhonePe,16730.01,2324699.94,0.4772292425407995,0.506000925005401,1473.3128174297506
2024-12,Google Pay #,6140.47,822598.36,Google Pay,16730.01,2324699.94,0.36703325341706317,0.3538514136151266,1339.634197382285
2024-12,Paytm #,1150.96,125739.66,Paytm,16730.01,2324699.94,0.06879613341534166,0.0540885547577379,1092.4763675540419
2024-12,All other apps,649.2199999999975,95632.07999999961,All other apps,16730.01,2324699.94,0.03880571499957248,0.04113738653083959,1473.03040571763
2024-12,Navi #,202.53,11317.09,Navi,16730.01,2324699.94,0.012105790731744932,0.00486819387107654,558.7858588851035
2024-12,Cred #,143.07,50979.94,CRED,16730.01,2324699.94,0.008551698415003936,0.02192968611682418,3563.2865031103656
2024-12,Axis Bank Apps,128.36,6159.9,Axis Bank apps,16730.01,2324699.94,0.007672440124064482,0.002649761327907119,479.8924898722343
2024-12,super.money #,101.81,3866.39,super.money,16730.01,2324699.94,0.006085471556801222,0.001663178087405121,379.76524899322266
2024-12,Amazon Pay #,91.94,9330.97,Amazon Pay,16730.01,2324699.94,0.005495513750440078,0.004013838448328948,1014.8977594083098
2024-12,FamApp by Trio #,75.74,870.68,FamApp,16730.01,2324699.94,0.004527193946686225,0.0003745343581847384,114.95642989173489
2024-12,ICICI Bank Apps,61.86,21904.55,ICICI Bank apps,16730.01,2324699.94,0.003697547102482306,0.009422527881168182,3540.98771419334
2025-06,Phone Pe #,8547.04,1198690.03,PhonePe,18395.01,2403930.69,0.46463905156887664,0.4986375168744986,1402.4621740391995
2025-06,Google Pay #,6540.92,840931.06,Google Pay,18395.01,2403930.69,0.3555812146881138,0.34981501900123424,1285.6464534041083
2025-06,Paytm #,1269.16,134171.16,Paytm,18395.01,2403930.69,0.06899479804577438,0.05581323977356436,1057.1650540514986
2025-06,All other apps,869.2599999999984,116726.85999999987,All other apps,18395.01,2403930.69,0.047255206710950334,0.048556666165778625,1342.8302234084174
2025-06,Navi #,406.01,21814.51,Navi,18395.01,2403930.69,0.022071746631287508,0.009074517036096411,537.2899682273835
2025-06,super.money #,218.96,7716.48,super.money,18395.01,2403930.69,0.011903228103708561,0.003209942795813302,352.41505297771283
2025-06,Cred #,138.32,51384.11,CRED,18395.01,2403930.69,0.007519430541217428,0.02137503806318143,3714.872035858878
2025-06,Axis Bank Apps,126.27,9388.51,Axis Bank apps,18395.01,2403930.69,0.006864361585016807,0.0039054828157296002,743.5265700483092
2025-06,FamApp by Trio #,112.75,1439.64,FamApp,18395.01,2403930.69,0.006129379652416607,0.0005988691795436083,127.68425720620844
2025-06,Amazon Pay #,93.25,9942.48,Amazon Pay,18395.01,2403930.69,0.005069309557320165,0.004135926231716772,1066.2176943699733
2025-06,BHIM,73.07,11725.85,BHIM,18395.01,2403930.69,0.003972272915317795,0.004877782062843085,1604.7420281921445
2025-12,Phone Pe #,9799.14,1360501.94,PhonePe,21634.67,2796712.71,0.45293688325266807,0.48646467516500824,1388.3891239435297
2025-12,Google Pay #,7311.67,956693.92,Google Pay,21634.67,2796712.71,0.337960782392336,0.3420780105797853,1308.4478922052008
2025-12,Paytm #,1624.45,175716.1,Paytm,21634.67,2796712.71,0.07508549933971723,0.06282951386880206,1081.6959586321525
2025-12,All other apps,1223.4099999999999,154001.06000000006,All other apps,21634.67,2796712.71,0.05654858613512478,0.05506502668270137,1258.7853622252562
2025-12,Navi #,671.89,35715.89,Navi,21634.67,2796712.71,0.03105617048931183,0.012770668174923122,531.5734718480703
2025-12,super.money #,286.86,11745.61,super.money,21634.67,2796712.71,0.013259273194368116,0.004199791404387761,409.45443770480375
2025-12,FamApp by Trio #,159.05,2007.01,FamApp,21634.67,2796712.71,0.007351625885673321,0.0007176318085242299,126.18736246463376
2025-12,Cred #,157.25,59073.03,CRED,21634.67,2796712.71,0.007268426095706568,0.02112230898396425,3756.631478537361
2025-12,BHIM,155.75,20246.97,BHIM,21634.67,2796712.71,0.0071990929374009405,0.007239560190649687,1299.9659711075442
2025-12,Axis Bank Apps,144.75,13612.02,Axis Bank apps,21634.67,2796712.71,0.0066906497764930095,0.004867149904717957,940.3813471502591
2025-12,Whatsapp #,100.45,7399.16,WhatsApp,21634.67,2796712.71,0.004643010501200157,0.0026456632365360116,736.601294176207
2026-01,Phone Pe #,9913.63,1377458.79,PhonePe,21703.46,2833481.26,0.45677647711470887,0.4861365449793023,1389.4595521519364
2026-01,Google Pay #,7229.11,956985.04,Google Pay,21703.46,2833481.26,0.3330856001761931,0.3377417925820339,1323.7937173455653
2026-01,Paytm #,1659.49,181973.34,Paytm,21703.46,2833481.26,0.07646200191121601,0.06422253168528103,1096.561835262641
2026-01,All other apps,1138.2000000000007,162092.2799999998,All other apps,21703.46,2833481.26,0.052443250983944534,0.05720605330560746,1424.1107011070085
2026-01,Navi #,709.26,37955.69,Navi,21703.46,2833481.26,0.032679581965271896,0.013395426515014257,535.1449397964075
2026-01,super.money #,298.41,12546.39,super.money,21703.46,2833481.26,0.013749420599296151,0.004427906468666746,420.44133909721523
2026-01,BHIM,172.07,22025.89,BHIM,21703.46,2833481.26,0.007928228955198848,0.007773437682802957,1280.054047771256
2026-01,FamApp by Trio #,161.18,2038.12,FamApp,21703.46,2833481.26,0.007426465641883829,0.0007192989164149263,126.44993175331928
2026-01,Cred #,156.86,58840.62,CRED,21703.46,2833481.26,0.007227419038254731,0.02076619345631388,3751.155170215479
2026-01,Axis Bank Apps,152.6,13206.89,Axis Bank apps,21703.46,2833481.26,0.007031136970787146,0.004661011945425749,865.4580602883356
2026-01,Whatsapp #,112.65,8358.21,WhatsApp,21703.46,2833481.26,0.0051904166432449024,0.002949802463136813,741.9627163781623
2026-02,Phone Pe #,9284.22,1310392.95,PhonePe,20394.2,2684229.3,0.4552382540133959,0.48818219441982846,1411.4195376671385
2026-02,Google Pay #,6767.14,903051.6,Google Pay,20394.2,2684229.3,0.33181688911553286,0.3364286352138396,1334.4656679187958
2026-02,Paytm #,1595.09,174128.86,Paytm,20394.2,2684229.3,0.07821292328210962,0.06487108236244944,1091.6553924856903
2026-02,All other apps,1092.1800000000003,149855.33999999985,All other apps,20394.2,2684229.3,0.05355346127820656,0.05582806953191363,1372.0754820633945
2026-02,Navi #,650.28,36563.0,Navi,20394.2,2684229.3,0.031885536083788524,0.013621414534145799,562.2654856369564
2026-02,super.money #,289.32,12314.08,super.money,20394.2,2684229.3,0.014186386325523923,0.004587566345393816,425.6214572100097
2026-02,BHIM,175.93,21263.92,BHIM,20394.2,2684229.3,0.008626472232301341,0.007921797143038414,1208.6579889728869
2026-02,FamApp by Trio #,149.06,1898.62,FamApp,20394.2,2684229.3,0.007308940777279815,0.0007073240725000655,127.37286998524084
2026-02,Cred #,145.98,54045.92,CRED,20394.2,2684229.3,0.007157917447117317,0.020134613685947024,3702.282504452665
2026-02,Axis Bank Apps,132.11,12157.93,Axis Bank apps,20394.2,2684229.3,0.00647782212589854,0.004529393222851714,920.2883960336083
2026-02,Whatsapp #,112.89,8557.08,WhatsApp,20394.2,2684229.3,0.005535397318845554,0.0031879094680920144,758.0015944724953
2026-03,Phone Pe #,10503.81,1448286.63,PhonePe,22641.14,2952542.03,0.4639258447233664,0.4905219350933338,1378.8202852107947
2026-03,Google Pay #,7535.71,999480.47,Google Pay,22641.14,2952542.03,0.33283262238562195,0.33851523868061584,1326.3255486211651
2026-03,Paytm #,1770.0,192610.34,Paytm,22641.14,2952542.03,0.07817627557622982,0.06523542697883289,1088.194011299435
2026-03,All other apps,899.6599999999962,142234.28000000026,All other apps,22641.14,2952542.03,0.03973563168639018,0.0481734988206079,1580.9781473001008
2026-03,Navi #,790.34,43044.76,Navi,22641.14,2952542.03,0.034907252903343206,0.014578881371588808,544.6359794518814
2026-03,super.money #,341.24,14788.83,super.money,22641.14,2952542.03,0.01507167925289981,0.00500884656331209,433.3850076192709
2026-03,BHIM,202.44,24718.8,BHIM,22641.14,2952542.03,0.008941245891328794,0.008372040007843681,1221.0432720806166
2026-03,FamApp by Trio #,168.6,2250.14,FamApp,22641.14,2952542.03,0.007446621504040875,0.0007621026143360269,133.4602609727165
2026-03,Cred #,163.2,62029.55,CRED,22641.14,2952542.03,0.007208117612452376,0.021008862657917866,3800.830269607843
2026-03,Axis Bank Apps,135.4,13180.82,Axis Bank apps,22641.14,2952542.03,0.005980264244644926,0.004464227728538043,973.4726735598227
2026-03,Whatsapp #,130.74,9917.41,WhatsApp,22641.14,2952542.03,0.005774444219681519,0.0033589394830731674,758.5597368823619
2026-04,Phone Pe #,10330.3,1431722.56,PhonePe,22346.8,2902988.05,0.4622720031503392,0.49318927096513543,1385.944803151893
2026-04,Google Pay #,7359.44,972068.42,Google Pay,22346.8,2902988.05,0.3293285839583296,0.3348509891385878,1320.845634993967
2026-04,Paytm #,1778.06,194317.77,Paytm,22346.8,2902988.05,0.07956664936366728,0.06693715807751947,1092.8639640956999
2026-04,All other apps,892.6700000000019,140807.6099999994,All other apps,22346.8,2902988.05,0.0399462115381174,0.048504371211586426,1577.3758499781454
2026-04,Navi #,801.87,42683.85,Navi,22346.8,2902988.05,0.03588298995829381,0.014703419120171715,532.3038647162258
2026-04,super.money #,369.41,16365.13,super.money,22346.8,2902988.05,0.0165307784559758,0.005637339774788257,443.0072277415338
2026-04,BHIM,210.17,25198.44,BHIM,22346.8,2902988.05,0.009404925984928491,0.008680173519832437,1198.9551315601657
2026-04,FamApp by Trio #,182.87,2503.31,FamApp,22346.8,2902988.05,0.008183274562800939,0.0008623218411112647,136.8901405369935
2026-04,Cred #,157.51,56569.08,CRED,22346.8,2902988.05,0.007048436465176222,0.019486501158694058,3591.45958986731
2026-04,Whatsapp #,138.69,10498.22,WhatsApp,22346.8,2902988.05,0.006206257719226019,0.0036163497124970943,756.9558007066119
2026-04,Axis Bank Apps,125.81,10253.66,Axis Bank apps,22346.8,2902988.05,0.005629888843145327,0.0035321054800759514,815.0115253159527
2026-05,Phone Pe #,10734.58,1467168.63,PhonePe,23201.95,2990424.18,0.4626585265462601,0.49062224677436894,1366.7685461378087
2026-05,Google Pay #,7598.37,1002878.34,Google Pay,23201.95,2990424.18,0.32748842230933173,0.3353632393381731,1319.8598383600693
2026-05,Paytm #,1836.02,199103.37,Paytm,23201.95,2990424.18,0.07913214191048597,0.06658031035583721,1084.4292001176457
2026-05,All other apps,923.3999999999978,143884.66000000061,All other apps,23201.95,2990424.18,0.03979837901555679,0.04811513395400669,1558.205111544303
2026-05,Navi #,824.11,43601.66,Navi,23201.95,2990424.18,0.03551899732565582,0.014580426513271438,529.0757301816506
2026-05,super.money #,418.84,19422.73,super.money,23201.95,2990424.18,0.018051930979939186,0.006494974903526896,463.72672142106774
2026-05,BHIM,227.49,26013.59,BHIM,23201.95,2990424.18,0.009804779339667571,0.008698963235376193,1143.504769440415
2026-05,FamApp by Trio #,197.32,2738.59,FamApp,23201.95,2990424.18,0.00850445759946901,0.0009157864687945374,138.78927630245286
2026-05,Cred #,157.19,61002.44,CRED,23201.95,2990424.18,0.006774861595684845,0.020399259880248828,3880.80921178192
2026-05,Whatsapp #,150.43,11425.02,WhatsApp,23201.95,2990424.18,0.006483506774215098,0.003820534918226885,759.4907930598949
2026-05,Axis Bank Apps,134.2,13185.15,Axis Bank apps,23201.95,2990424.18,0.005783996603733737,0.004409123658169457,982.5000000000001
2026-06,Phone Pe #,10483.73,1419193.39,PhonePe,22716.08,2892138.66,0.4615114051368017,0.4907072436146612,1353.7103588131322
2026-06,Google Pay #,7407.71,967055.79,Google Pay,22716.08,2892138.66,0.3260998376480449,0.334373936967462,1305.4719879692914
2026-06,Paytm #,1798.84,192617.38,Paytm,22716.08,2892138.66,0.07918795848579507,0.06660032683218584,1070.7866180427386
2026-06,All other apps,905.7800000000061,141162.84000000032,All other apps,22716.08,2892138.66,0.03987395712640588,0.04880915356942129,1558.4671774603034
2026-06,Navi #,842.51,43948.56,Navi,22716.08,2892138.66,0.03708870544565787,0.015195868928359056,521.638437525964
2026-06,super.money #,430.24,20252.4,super.money,22716.08,2892138.66,0.01893988751580378,0.007002568818743981,470.72331721829676
2026-06,BHIM,223.54,25612.81,BHIM,22716.08,2892138.66,0.009840606301791505,0.008856010382296125,1145.7819629596493
2026-06,FamApp by Trio #,195.31,2666.23,FamApp,22716.08,2892138.66,0.008597874281125968,0.0009218887174655727,136.51272336285905
2026-06,Whatsapp #,150.48,11391.85,WhatsApp,22716.08,2892138.66,0.006624382375832449,0.003938901739932483,757.0341573631048
2026-06,Cred #,141.78,55116.79,CRED,22716.08,2892138.66,0.006241393761599713,0.019057450724025798,3887.4869516151784
2026-06,Axis Bank Apps,136.16,13120.62,Axis Bank apps,22716.08,2892138.66,0.005993991921141323,0.004536649705446695,963.617802585194
2026-07,Phone Pe #,10857.91,1443982.58,PhonePe,23658.35,2987880.48,0.45894620715307705,0.48327990013844196,1329.8899880363717
2026-07,Google Pay #,7649.82,1001101.5,Google Pay,23658.35,2987880.48,0.3233454573121118,0.33505406481319494,1308.6602037695004
2026-07,Paytm #,1903.87,204565.74,Paytm,23658.35,2987880.48,0.08047349033216603,0.06846516832560852,1074.4732571026384
2026-07,All other apps,960.1800000000003,151445.1200000001,All other apps,23658.35,2987880.48,0.04058524791458408,0.050686471903320617,1577.2575975337966
2026-07,Navi #,947.08,48318.02,Navi,23658.35,2987880.48,0.04003153220744473,0.016171336277815234,510.1788655657388
2026-07,super.money #,437.27,20838.19,super.money,23658.35,2987880.48,0.018482692157314438,0.006974238139538968,476.5520159169392
2026-07,BHIM,242.27,28632.66,BHIM,23658.35,2987880.48,0.010240359112110525,0.00958293351814394,1181.8491765385727
2026-07,FamApp by Trio #,206.19,2820.96,FamApp,23658.35,2987880.48,0.008715316156874845,0.000944134150908205,136.8136185072021
2026-07,Whatsapp #,167.89,12957.07,WhatsApp,23658.35,2987880.48,0.007096437410047615,0.004336542270258414,771.7594853773304
2026-07,Axis Bank Apps,143.77,13939.94,Axis Bank apps,23658.35,2987880.48,0.006076924214917778,0.0046654945180404275,969.6000556444321
2026-07,Cred #,142.1,59278.7,CRED,23658.35,2987880.48,0.00600633602935116,0.01983971594472882,4171.618578465869
