# PhonePe Pulse national category split: transaction VALUE (amount_inr), frozen.
#
# WHY THIS FILE EXISTS: PhonePe removed `amount` from its aggregated/transaction
# category files, national and per-state, across the whole history (2018Q1 onward).
# Verified 2026-09-09 and again 2026-10-05. Counts are still published and still
# fetched live; only the value side is frozen here.
#
# These rows are the last good pull, 2026-08-21 (commit 04f7e03), copied verbatim from
# data-pipeline/data/processed/pulse_txn_national.csv. common.fill_frozen_value() uses them only where the
# live API returns no amount; if PhonePe restores the field, live wins.
# Do not edit by hand. Source: https://github.com/PhonePe/pulse (CDLA-Permissive-2.0).
period,category,amount_inr
2018Q1,P2P,147245883542.81802
2018Q1,Retail,20568759999.93426
2018Q1,Utility,4708627267.640471
2018Q2,P2P,264767671094.9749
2018Q2,Retail,30220874155.105717
2018Q2,Utility,10291253167.801592
2018Q3,P2P,425967421713.8337
2018Q3,Retail,35132218793.594055
2018Q3,Utility,14933708388.59365
2018Q4,P2P,594995709377.1013
2018Q4,Retail,57960942788.3355
2018Q4,Utility,20326596135.375454
2019Q1,P2P,887893108631.0564
2019Q1,Retail,75367801413.36275
2019Q1,Utility,29032725772.531696
2019Q2,P2P,1196425281585.3062
2019Q2,Retail,119879927485.47314
2019Q2,Utility,40688149667.54643
2019Q3,P2P,1440512511472.762
2019Q3,Retail,161068395462.40607
2019Q3,Utility,74111923414.74724
2019Q4,P2P,1963952535226.5454
2019Q4,Retail,194478712200.18768
2019Q4,Utility,104658746482.73447
2020Q1,P2P,2320557354594.0283
2020Q1,Retail,257423762311.36432
2020Q1,Utility,122026884303.45999
2020Q2,P2P,2243916310864.9
2020Q2,Retail,280729736148.84955
2020Q2,Utility,123986465830.5697
2020Q3,P2P,3287053651200.2812
2020Q3,Retail,447822255630.6803
2020Q3,Utility,170866832792.9354
2020Q4,P2P,4474550699837.9
2020Q4,Retail,700734479235.8248
2020Q4,Utility,224533438864.62445
2021Q1,P2P,5170856819481.144
2021Q1,Retail,820548066550.2906
2021Q1,Utility,296840849652.8541
2021Q2,P2P,6163165772740.209
2021Q2,Retail,954714808552.6382
2021Q2,Utility,362894718139.4824
2021Q3,P2P,7429347604768.668
2021Q3,Retail,1360427603452.4253
2021Q3,Utility,432126040995.3407
2021Q4,P2P,7988340721262.672
2021Q4,Retail,1670584805340.616
2021Q4,Utility,439185882358.44446
2022Q1,P2P,10273681605895.574
2022Q1,Retail,2114880480789.1416
2022Q1,Utility,514075186444.3045
2022Q2,P2P,11845669805590.191
2022Q2,Retail,2647118147441.08
2022Q2,Utility,602801004075.7869
2022Q3,P2P,12809400422543.578
2022Q3,Retail,3056326614657.4795
2022Q3,Utility,718003996472.7179
2022Q4,P2P,14143480411753.057
2022Q4,Retail,3470158956748.4375
2022Q4,Utility,770714348649.1868
2023Q1,P2P,15924876498831.21
2023Q1,Retail,3770386639494.8447
2023Q1,Utility,829590564254.5071
2023Q2,P2P,17722778869084.047
2023Q2,Retail,4219499939211.5576
2023Q2,Utility,985891275164.4216
2023Q3,P2P,18342686824683.375
2023Q3,Retail,4605174500635.483
2023Q3,Utility,1073595715818.6113
2023Q4,P2P,20545071651642.883
2023Q4,Retail,5359809825867.9
2023Q4,Utility,1223199173650.7825
2024Q1,P2P,22329194286455.582
2024Q1,Retail,5895178298681.608
2024Q1,Utility,1292118825487.7725
2024Q2,P2P,23817818325398.516
2024Q2,Retail,6559229555752.334
2024Q2,Utility,1452646564299.1975
2024Q3,P2P,23963938756090.566
2024Q3,Retail,6750110686285.371
2024Q3,Utility,1642651067121.496
2024Q4,P2P,26633866935111.484
2024Q4,Retail,7602790305577.834
2024Q4,Utility,1772670829005.7222
2025Q1,P2P,27829606589848.008
2025Q1,Retail,7619245009688.357
2025Q1,Utility,1883178460673.604
2025Q2,P2P,28268720863299.043
2025Q2,Retail,8176814143804.889
2025Q2,Utility,1973927573014.5562
2025Q3,P2P,27595198105516.906
2025Q3,Retail,8402692427468.916
2025Q3,Utility,2149448721564.6545
2025Q4,P2P,29860876292763.58
2025Q4,Retail,9277808164803.066
2025Q4,Utility,2339219285222.5327
2026Q1,P2P,31307245432326.008
2026Q1,Retail,9657607938640.018
2026Q1,Utility,2481213375757.9775
2026Q2,P2P,32389025199241.22
2026Q2,Retail,10483776876684.934
2026Q2,Utility,2623651480946.3564
