# RBI Bank-wise ATM/PoS/Card Statistics, the national 'Total' row.
# Browser-only source (decision 2): the listing page answers a script but the XLSX
# links return an interstitial, so the workbook is downloaded by hand and transcribed.
# Acceptance infrastructure and cards outstanding, month end.
month,metric,count,source_url,accessed
2026-07,pos_terminals,10027614,https://www.rbi.org.in/Scripts/ATMView.aspx,2026-09-10
2026-07,bharat_qr_codes,5269442,https://www.rbi.org.in/Scripts/ATMView.aspx,2026-09-10
2026-07,upi_qr_codes,803047590,https://www.rbi.org.in/Scripts/ATMView.aspx,2026-09-10
2026-07,credit_cards_outstanding,122857894,https://www.rbi.org.in/Scripts/ATMView.aspx,2026-09-10
2026-07,debit_cards_outstanding,1033310864,https://www.rbi.org.in/Scripts/ATMView.aspx,2026-09-10
